date,visitors,station_ride,station_alight,station_total
2015-01-01,1645.0,2270.0,2458.0,4728.0
2015-01-02,1329.0,4251.0,4411.0,8662.0
2015-01-03,3388.0,5639.0,6083.0,11722.0
2015-01-04,5327.0,5658.0,6287.0,11945.0
2015-01-05,1614.0,2784.0,2994.0,5778.0
2015-01-06,1274.0,3711.0,4066.0,7777.0
2015-01-07,1010.0,3412.0,3662.0,7074.0
2015-01-08,1632.0,3596.0,3886.0,7482.0
2015-01-09,1363.0,4448.0,4592.0,9040.0
2015-01-10,4895.0,7740.0,8465.0,16205.0
2015-01-11,4515.0,6011.0,6593.0,12604.0
2015-01-12,1200.0,2695.0,2892.0,5587.0
2015-01-13,1664.0,4815.0,5080.0,9895.0
2015-01-14,1746.0,4609.0,4857.0,9466.0
2015-01-15,3868.0,5247.0,5523.0,10770.0
2015-01-16,917.0,3670.0,3810.0,7480.0
2015-01-17,3341.0,7323.0,7879.0,15202.0
2015-01-18,3649.0,5897.0,6262.0,12159.0
2015-01-19,1219.0,2774.0,2973.0,5747.0
2015-01-20,1646.0,5097.0,5293.0,10390.0
2015-01-21,1698.0,4635.0,4860.0,9495.0
2015-01-22,1680.0,4694.0,4886.0,9580.0
2015-01-23,1692.0,5002.0,5202.0,10204.0
2015-01-24,7493.0,8968.0,9664.0,18632.0
2015-01-25,2864.0,4819.0,5178.0,9997.0
2015-01-26,1402.0,2584.0,2771.0,5355.0
2015-01-27,1508.0,4330.0,4468.0,8798.0
2015-01-28,1263.0,3435.0,3603.0,7038.0
2015-01-29,1261.0,3949.0,4174.0,8123.0
2015-01-30,2953.0,3714.0,3924.0,7638.0
2015-01-31,3256.0,6404.0,6930.0,13334.0
2015-02-01,5028.0,5301.0,5809.0,11110.0
2015-02-02,1671.0,2622.0,2907.0,5529.0
2015-02-03,1759.0,3740.0,4031.0,7771.0
2015-02-04,1588.0,4642.0,4931.0,9573.0
2015-02-05,1995.0,3900.0,4096.0,7996.0
2015-02-06,1401.0,4005.0,4254.0,8259.0
2015-02-07,4933.0,6136.0,6554.0,12690.0
2015-02-08,1328.0,2950.0,3379.0,6329.0
2015-02-09,593.0,1893.0,1987.0,3880.0
2015-02-10,1136.0,2893.0,3243.0,6136.0
2015-02-11,1403.0,3051.0,3256.0,6307.0
2015-02-12,1194.0,3126.0,3405.0,6531.0
2015-02-13,1102.0,3021.0,3274.0,6295.0
2015-02-14,3983.0,6268.0,6956.0,13224.0
2015-02-15,6625.0,5860.0,6018.0,11878.0
2015-02-16,437.0,1339.0,1561.0,2900.0
2015-02-17,952.0,2641.0,2814.0,5455.0
2015-02-18,2390.0,2941.0,3155.0,6096.0
2015-02-19,6572.0,4527.0,4458.0,8985.0
2015-02-20,15466.0,8899.0,9005.0,17904.0
2015-02-21,1794.0,3287.0,3581.0,6868.0
2015-02-22,3656.0,4312.0,4697.0,9009.0
2015-02-23,1341.0,2989.0,3121.0,6110.0
2015-02-24,2596.0,5094.0,5360.0,10454.0
2015-02-25,2900.0,5954.0,6076.0,12030.0
2015-02-26,2159.0,5117.0,5373.0,10490.0
2015-02-27,1663.0,5361.0,5452.0,10813.0
2015-02-28,5427.0,8312.0,8845.0,17157.0
2015-03-01,4109.0,5024.0,5419.0,10443.0
2015-03-02,1971.0,2425.0,2632.0,5057.0
2015-03-03,788.0,2207.0,2378.0,4585.0
2015-03-04,1158.0,2355.0,2622.0,4977.0
2015-03-05,1237.0,2666.0,2911.0,5577.0
2015-03-06,2095.0,3114.0,3402.0,6516.0
2015-03-07,19698.0,9704.0,10215.0,19919.0
2015-03-08,26998.0,9467.0,9685.0,19152.0
2015-03-09,1357.0,2192.0,2383.0,4575.0
2015-03-10,686.0,2066.0,2366.0,4432.0
2015-03-11,1133.0,2588.0,2803.0,5391.0
2015-03-12,1663.0,2975.0,3230.0,6205.0
2015-03-13,2198.0,3345.0,3524.0,6869.0
2015-03-14,24769.0,12122.0,12926.0,25048.0
2015-03-15,30688.0,10424.0,10894.0,21318.0
2015-03-16,3557.0,3244.0,3434.0,6678.0
2015-03-17,2687.0,3717.0,3960.0,7677.0
2015-03-18,873.0,2525.0,2736.0,5261.0
2015-03-19,4040.0,4310.0,4545.0,8855.0
2015-03-20,4363.0,4884.0,5088.0,9972.0
2015-03-21,30584.0,15472.0,16388.0,31860.0
2015-03-22,19807.0,10659.0,11019.0,21678.0
2015-03-23,2158.0,2809.0,2987.0,5796.0
2015-03-24,2405.0,3436.0,3759.0,7195.0
2015-03-25,3548.0,3974.0,4252.0,8226.0
2015-03-26,3716.0,4349.0,4684.0,9033.0
2015-03-27,4904.0,5378.0,5595.0,10973.0
2015-03-28,34237.0,16724.0,17619.0,34343.0
2015-03-29,20914.0,9735.0,10068.0,19803.0
2015-03-30,4041.0,3926.0,4212.0,8138.0
2015-03-31,4708.0,3129.0,3333.0,6462.0
2015-04-01,4100.0,4896.0,5196.0,10092.0
2015-04-02,3288.0,4615.0,5074.0,9689.0
2015-04-03,4976.0,7235.0,7390.0,14625.0
2015-04-04,29485.0,17259.0,18173.0,35432.0
2015-04-05,8446.0,6562.0,6804.0,13366.0
2015-04-06,4590.0,4664.0,4885.0,9549.0
2015-04-07,3820.0,5342.0,5629.0,10971.0
2015-04-08,3820.0,7632.0,8075.0,15707.0
2015-04-09,8439.0,8742.0,9200.0,17942.0
2015-04-10,14950.0,15462.0,15719.0,31181.0
2015-04-11,50872.0,38540.0,39935.0,78475.0
2015-04-12,50027.0,31190.0,31682.0,62872.0
2015-04-13,6356.0,6831.0,7070.0,13901.0
2015-04-14,1630.0,2997.0,3325.0,6322.0
2015-04-15,9467.0,9684.0,10130.0,19814.0
2015-04-16,4420.0,5337.0,5630.0,10967.0
2015-04-17,13393.0,9871.0,10367.0,20238.0
2015-04-18,40841.0,21776.0,23276.0,45052.0
2015-04-19,2187.0,4336.0,4478.0,8814.0
2015-04-20,3361.0,2662.0,2950.0,5612.0
2015-04-21,12393.0,7604.0,7963.0,15567.0
2015-04-22,8329.0,5579.0,5854.0,11433.0
2015-04-23,11397.0,6211.0,6632.0,12843.0
2015-04-24,15405.0,9338.0,9797.0,19135.0
2015-04-25,36537.0,19750.0,20584.0,40334.0
2015-04-26,37836.0,16391.0,16942.0,33333.0
2015-04-27,6844.0,5157.0,5355.0,10512.0
2015-04-28,17847.0,6493.0,6741.0,13234.0
2015-04-29,3503.0,5105.0,5239.0,10344.0
2015-04-30,13808.0,12803.0,13002.0,25805.0
2015-05-01,38675.0,28142.0,28391.0,56533.0
2015-05-02,40013.0,20959.0,21696.0,42655.0
2015-05-03,8878.0,6729.0,6836.0,13565.0
2015-05-04,32602.0,19745.0,20058.0,39803.0
2015-05-05,63382.0,32390.0,32821.0,65211.0
2015-05-06,8103.0,9857.0,9916.0,19773.0
2015-05-07,9464.0,9807.0,9985.0,19792.0
2015-05-08,12832.0,20056.0,19785.0,39841.0
2015-05-09,21821.0,16101.0,16454.0,32555.0
2015-05-10,25671.0,14167.0,14340.0,28507.0
2015-05-11,4174.0,3716.0,3967.0,7683.0
2015-05-12,6458.0,5227.0,5475.0,10702.0
2015-05-13,12955.0,12229.0,12521.0,24750.0
2015-05-14,15755.0,14670.0,14696.0,29366.0
2015-05-15,20641.0,20394.0,20909.0,41303.0
2015-05-16,27662.0,16436.0,17815.0,34251.0
2015-05-17,29381.0,14364.0,14658.0,29022.0
2015-05-18,5822.0,5107.0,5273.0,10380.0
2015-05-19,6119.0,5077.0,5467.0,10544.0
2015-05-20,8501.0,7315.0,7548.0,14863.0
2015-05-21,11231.0,8351.0,8610.0,16961.0
2015-05-22,19733.0,19304.0,19080.0,38384.0
2015-05-23,30136.0,19212.0,20392.0,39604.0
2015-05-24,46010.0,24927.0,25385.0,50312.0
2015-05-25,40511.0,22108.0,22490.0,44598.0
2015-05-26,7807.0,5956.0,6192.0,12148.0
2015-05-27,9099.0,8064.0,8261.0,16325.0
2015-05-28,10638.0,7984.0,8263.0,16247.0
2015-05-29,42070.0,10608.0,10690.0,21298.0
2015-05-30,12754.0,10120.0,11042.0,21162.0
2015-05-31,24556.0,13662.0,14166.0,27828.0
2015-06-01,6914.0,5158.0,5472.0,10630.0
2015-06-02,11912.0,6040.0,6357.0,12397.0
2015-06-03,4606.0,4301.0,4528.0,8829.0
2015-06-04,2934.0,3629.0,3893.0,7522.0
2015-06-05,2046.0,2942.0,3147.0,6089.0
2015-06-06,8789.0,6825.0,7580.0,14405.0
2015-06-07,7158.0,5354.0,5755.0,11109.0
2015-06-08,2572.0,2628.0,2840.0,5468.0
2015-06-09,2962.0,3211.0,3475.0,6686.0
2015-06-10,3963.0,3197.0,3411.0,6608.0
2015-06-11,2104.0,2886.0,3140.0,6026.0
2015-06-12,3944.0,3270.0,3500.0,6770.0
2015-06-13,6429.0,5291.0,6001.0,11292.0
2015-06-14,6777.0,4421.0,4660.0,9081.0
2015-06-15,2181.0,2613.0,2807.0,5420.0
2015-06-16,1982.0,2900.0,3144.0,6044.0
2015-06-17,2367.0,2749.0,3006.0,5755.0
2015-06-18,2136.0,3114.0,3404.0,6518.0
2015-06-19,2211.0,3248.0,3569.0,6817.0
2015-06-20,2320.0,2889.0,3164.0,6053.0
2015-06-21,10655.0,6555.0,7074.0,13629.0
2015-06-22,2727.0,3304.0,3610.0,6914.0
2015-06-23,2619.0,3904.0,4149.0,8053.0
2015-06-24,2468.0,3894.0,4163.0,8057.0
2015-06-25,2377.0,3696.0,3990.0,7686.0
2015-06-26,1330.0,2790.0,2937.0,5727.0
2015-06-27,10998.0,8237.0,9070.0,17307.0
2015-06-28,10008.0,7075.0,7531.0,14606.0
2015-06-29,2422.0,3400.0,3677.0,7077.0
2015-06-30,1838.0,3457.0,3707.0,7164.0
2015-07-01,2516.0,3898.0,4217.0,8115.0
2015-07-02,2860.0,3928.0,4259.0,8187.0
2015-07-03,3013.0,4089.0,4370.0,8459.0
2015-07-04,11378.0,8006.0,8727.0,16733.0
2015-07-05,11117.0,6632.0,6889.0,13521.0
2015-07-06,2517.0,3411.0,3623.0,7034.0
2015-07-07,2905.0,4072.0,4390.0,8462.0
2015-07-08,2905.0,3790.0,4103.0,7893.0
2015-07-09,2551.0,4534.0,4758.0,9292.0
2015-07-10,2840.0,4416.0,4713.0,9129.0
2015-07-11,6456.0,7625.0,8227.0,15852.0
2015-07-12,1568.0,2685.0,2835.0,5520.0
2015-07-13,606.0,1558.0,1796.0,3354.0
2015-07-14,2819.0,5848.0,6015.0,11863.0
2015-07-15,2347.0,4685.0,4922.0,9607.0
2015-07-16,3116.0,4845.0,5234.0,10079.0
2015-07-17,3258.0,5471.0,5651.0,11122.0
2015-07-18,11538.0,8425.0,9278.0,17703.0
2015-07-19,10445.0,6828.0,6944.0,13772.0
2015-07-20,2634.0,3278.0,3579.0,6857.0
2015-07-21,1846.0,3524.0,3748.0,7272.0
2015-07-22,2005.0,3979.0,4257.0,8236.0
2015-07-23,1711.0,3669.0,3886.0,7555.0
2015-07-24,723.0,2526.0,2730.0,5256.0
2015-07-25,3406.0,6340.0,6671.0,13011.0
2015-07-26,9042.0,6694.0,6879.0,13573.0
2015-07-27,4130.0,4045.0,4399.0,8444.0
2015-07-28,4680.0,7030.0,7308.0,14338.0
2015-07-29,2389.0,3938.0,4332.0,8270.0
2015-07-30,5180.0,8374.0,8888.0,17262.0
2015-07-31,4650.0,8234.0,8763.0,16997.0
2015-08-01,8956.0,9857.0,10022.0,19879.0
2015-08-02,8306.0,8056.0,8163.0,16219.0
2015-08-03,6491.0,6710.0,6951.0,13661.0
2015-08-04,6063.0,8290.0,8532.0,16822.0
2015-08-05,4628.0,6674.0,6864.0,13538.0
2015-08-06,3344.0,6373.0,6635.0,13008.0
2015-08-07,3727.0,5728.0,6051.0,11779.0
2015-08-08,6496.0,7016.0,7474.0,14490.0
2015-08-09,7089.0,7729.0,7952.0,15681.0
2015-08-10,3269.0,4012.0,4264.0,8276.0
2015-08-11,3808.0,6300.0,6592.0,12892.0
2015-08-12,3610.0,5712.0,5909.0,11621.0
2015-08-13,3529.0,6208.0,6549.0,12757.0
2015-08-14,10411.0,10502.0,10910.0,21412.0
2015-08-15,14343.0,11397.0,11735.0,23132.0
2015-08-16,8607.0,7520.0,7723.0,15243.0
2015-08-17,3780.0,4141.0,4406.0,8547.0
2015-08-18,3345.0,6628.0,6907.0,13535.0
2015-08-19,3432.0,5138.0,5477.0,10615.0
2015-08-20,2924.0,5017.0,5267.0,10284.0
2015-08-21,3005.0,4591.0,4857.0,9448.0
2015-08-22,12855.0,9198.0,9988.0,19186.0
2015-08-23,13146.0,7657.0,8063.0,15720.0
2015-08-24,2791.0,3224.0,3458.0,6682.0
2015-08-25,847.0,2376.0,2573.0,4949.0
2015-08-26,21260.0,4549.0,4791.0,9340.0
2015-08-27,3703.0,4977.0,5129.0,10106.0
2015-08-28,4092.0,4651.0,4964.0,9615.0
2015-08-29,18292.0,10511.0,11272.0,21783.0
2015-08-30,18306.0,8262.0,8697.0,16959.0
2015-08-31,2852.0,3344.0,3585.0,6929.0
2015-09-01,4562.0,4408.0,4730.0,9138.0
2015-09-02,2231.0,3822.0,4073.0,7895.0
2015-09-03,3206.0,4498.0,4709.0,9207.0
2015-09-04,4976.0,5336.0,5536.0,10872.0
2015-09-05,7391.0,6796.0,7258.0,14054.0
2015-09-06,24404.0,8463.0,9048.0,17511.0
2015-09-07,3895.0,3640.0,3869.0,7509.0
2015-09-08,4160.0,4102.0,4416.0,8518.0
2015-09-09,3940.0,4536.0,4749.0,9285.0
2015-09-10,4396.0,4383.0,4677.0,9060.0
2015-09-11,5431.0,5732.0,5838.0,11570.0
2015-09-12,19093.0,10068.0,10743.0,20811.0
2015-09-13,29788.0,10848.0,11069.0,21917.0
2015-09-14,5494.0,3479.0,3721.0,7200.0
2015-09-15,4029.0,4703.0,5080.0,9783.0
2015-09-16,5838.0,4672.0,5003.0,9675.0
2015-09-17,9164.0,5006.0,5273.0,10279.0
2015-09-18,7785.0,6383.0,6626.0,13009.0
2015-09-19,26648.0,16342.0,16980.0,33322.0
2015-09-20,23307.0,13053.0,13578.0,26631.0
2015-09-21,3495.0,3457.0,3557.0,7014.0
2015-09-22,7038.0,4102.0,4433.0,8535.0
2015-09-23,4253.0,5536.0,5808.0,11344.0
2015-09-24,4516.0,6166.0,6351.0,12517.0
2015-09-25,5900.0,5651.0,5925.0,11576.0
2015-09-26,16739.0,10475.0,9919.0,20394.0
2015-09-27,18200.0,10225.0,10111.0,20336.0
2015-09-28,37358.0,16122.0,16402.0,32524.0
2015-09-29,31056.0,14405.0,14836.0,29241.0
2015-09-30,5922.0,6027.0,6265.0,12292.0
2015-10-01,949.0,2711.0,2893.0,5604.0
2015-10-02,8790.0,7962.0,8250.0,16212.0
2015-10-03,29486.0,12888.0,13654.0,26542.0
2015-10-04,23374.0,9341.0,9714.0,19055.0
2015-10-05,4422.0,4121.0,4397.0,8518.0
2015-10-06,6512.0,6417.0,6663.0,13080.0
2015-10-07,7204.0,7111.0,7410.0,14521.0
2015-10-08,13956.0,14909.0,15045.0,29954.0
2015-10-09,40080.0,27217.0,28278.0,55495.0
2015-10-10,10366.0,8635.0,8963.0,17598.0
2015-10-11,6495.0,6410.0,6784.0,13194.0
2015-10-12,4546.0,5277.0,5520.0,10797.0
2015-10-13,9817.0,9780.0,9895.0,19675.0
2015-10-14,8174.0,7690.0,7860.0,15550.0
2015-10-15,8466.0,9918.0,10238.0,20156.0
2015-10-16,14527.0,18779.0,19029.0,37808.0
2015-10-17,28476.0,15365.0,16683.0,32048.0
2015-10-18,26905.0,11645.0,12137.0,23782.0
2015-10-19,6564.0,5992.0,6109.0,12101.0
2015-10-20,8159.0,7071.0,7353.0,14424.0
2015-10-21,7142.0,8542.0,8942.0,17484.0
2015-10-22,6418.0,8519.0,8859.0,17378.0
2015-10-23,10241.0,17550.0,17607.0,35157.0
2015-10-24,21413.0,13874.0,14696.0,28570.0
2015-10-25,34174.0,14664.0,14933.0,29597.0
2015-10-26,5072.0,5015.0,5300.0,10315.0
2015-10-27,2947.0,3585.0,3823.0,7408.0
2015-10-28,7089.0,7179.0,7505.0,14684.0
2015-10-29,5041.0,6861.0,7123.0,13984.0
2015-10-30,5565.0,9990.0,10243.0,20233.0
2015-10-31,13948.0,13367.0,16658.0,30025.0
2015-11-01,3923.0,10048.0,10477.0,20525.0
2015-11-02,5152.0,3603.0,3846.0,7449.0
2015-11-03,16625.0,5066.0,5444.0,10510.0
2015-11-04,15903.0,5472.0,5674.0,11146.0
2015-11-05,2780.0,5179.0,5513.0,10692.0
2015-11-06,2108.0,7010.0,7385.0,14395.0
2015-11-07,1318.0,3713.0,3948.0,7661.0
2015-11-08,576.0,2699.0,2815.0,5514.0
2015-11-09,2922.0,3023.0,3225.0,6248.0
2015-11-10,6233.0,5529.0,5862.0,11391.0
2015-11-11,5204.0,4947.0,5211.0,10158.0
2015-11-12,2316.0,7083.0,7343.0,14426.0
2015-11-13,2244.0,4905.0,5084.0,9989.0
2015-11-14,2219.0,7506.0,7977.0,15483.0
2015-11-15,1911.0,10150.0,10542.0,20692.0
2015-11-16,1626.0,2921.0,3116.0,6037.0
2015-11-17,6659.0,4048.0,4335.0,8383.0
2015-11-18,6404.0,3791.0,3996.0,7787.0
2015-11-19,1383.0,3618.0,3925.0,7543.0
2015-11-20,1427.0,3934.0,4191.0,8125.0
2015-11-21,893.0,9904.0,10495.0,20399.0
2015-11-22,4964.0,7239.0,7609.0,14848.0
2015-11-23,1208.0,2243.0,2401.0,4644.0
2015-11-24,1404.0,4117.0,4422.0,8539.0
2015-11-25,3699.0,3328.0,3485.0,6813.0
2015-11-26,1169.0,3109.0,3259.0,6368.0
2015-11-27,923.0,4958.0,5165.0,10123.0
2015-11-28,895.0,5116.0,5547.0,10663.0
2015-11-29,8472.0,3087.0,3211.0,6298.0
2015-11-30,987.0,2818.0,3011.0,5829.0
2015-12-01,1728.0,5599.0,5852.0,11451.0
2015-12-02,348.0,2069.0,2264.0,4333.0
2015-12-03,523.0,4566.0,4832.0,9398.0
2015-12-04,1315.0,4610.0,4749.0,9359.0
2015-12-05,3736.0,5256.0,5597.0,10853.0
2015-12-06,4083.0,4187.0,4530.0,8717.0
2015-12-07,1192.0,2905.0,3046.0,5951.0
2015-12-08,1626.0,6447.0,6659.0,13106.0
2015-12-09,1392.0,5584.0,5793.0,11377.0
2015-12-10,842.0,5403.0,5621.0,11024.0
2015-12-11,1495.0,6950.0,7040.0,13990.0
2015-12-12,5972.0,6213.0,6645.0,12858.0
2015-12-13,8514.0,5351.0,5943.0,11294.0
2015-12-14,915.0,1709.0,1797.0,3506.0
2015-12-15,1117.0,5543.0,5745.0,11288.0
2015-12-16,1029.0,4468.0,4608.0,9076.0
2015-12-17,821.0,3966.0,4177.0,8143.0
2015-12-18,694.0,4677.0,4735.0,9412.0
2015-12-19,3008.0,5656.0,6025.0,11681.0
2015-12-20,3456.0,4659.0,5015.0,9674.0
2015-12-21,683.0,1694.0,1916.0,3610.0
2015-12-22,1494.0,5825.0,6040.0,11865.0
2015-12-23,1078.0,3695.0,3912.0,7607.0
2015-12-24,1404.0,7032.0,7211.0,14243.0
2015-12-25,4636.0,6927.0,7091.0,14018.0
2015-12-26,3547.0,5446.0,5807.0,11253.0
2015-12-27,2007.0,3647.0,3865.0,7512.0
2015-12-28,888.0,2231.0,2379.0,4610.0
2015-12-29,1170.0,3902.0,4167.0,8069.0
2015-12-30,22176.0,4164.0,4369.0,8533.0
2015-12-31,1281.0,4396.0,4631.0,9027.0
2016-01-01,4382.0,3388.0,3606.0,6994.0
2016-01-02,7265.0,6747.0,7097.0,13844.0
2016-01-03,4557.0,4812.0,5116.0,9928.0
2016-01-04,1690.0,2803.0,3019.0,5822.0
2016-01-05,1256.0,4083.0,4374.0,8457.0
2016-01-06,1174.0,3664.0,3853.0,7517.0
2016-01-07,1044.0,3664.0,3855.0,7519.0
2016-01-08,926.0,3737.0,3856.0,7593.0
2016-01-09,2640.0,5587.0,6098.0,11685.0
2016-01-10,3604.0,5169.0,5582.0,10751.0
2016-01-11,996.0,2317.0,2509.0,4826.0
2016-01-12,1642.0,3677.0,3902.0,7579.0
2016-01-13,1007.0,3420.0,3662.0,7082.0
2016-01-14,872.0,3868.0,4120.0,7988.0
2016-01-15,1047.0,4361.0,4518.0,8879.0
2016-01-16,2997.0,6652.0,7290.0,13942.0
2016-01-17,3448.0,5495.0,5664.0,11159.0
2016-01-18,808.0,2295.0,2457.0,4752.0
2016-01-19,300.0,2001.0,2210.0,4211.0
2016-01-20,422.0,2425.0,2589.0,5014.0
2016-01-21,627.0,2851.0,2995.0,5846.0
2016-01-22,586.0,3058.0,3176.0,6234.0
2016-01-23,890.0,3671.0,3971.0,7642.0
2016-01-24,324.0,1820.0,1793.0,3613.0
2016-01-25,422.0,1379.0,1533.0,2912.0
2016-01-26,758.0,3209.0,3371.0,6580.0
2016-01-27,1218.0,3915.0,4083.0,7998.0
2016-01-28,1146.0,3669.0,3879.0,7548.0
2016-01-29,1777.0,3425.0,3613.0,7038.0
2016-01-30,4128.0,6483.0,6641.0,13124.0
2016-01-31,2584.0,4237.0,4685.0,8922.0
2016-02-01,3746.0,1861.0,2019.0,3880.0
2016-02-02,2927.0,2584.0,2813.0,5397.0
2016-02-03,1130.0,3460.0,3705.0,7165.0
2016-02-04,1120.0,2702.0,2892.0,5594.0
2016-02-05,840.0,2516.0,2719.0,5235.0
2016-02-06,2058.0,3411.0,3960.0,7371.0
2016-02-07,2128.0,2724.0,2856.0,5580.0
2016-02-08,3221.0,3321.0,3265.0,6586.0
2016-02-09,7060.0,5957.0,6114.0,12071.0
2016-02-10,9949.0,7325.0,7664.0,14989.0
2016-02-11,3098.0,3871.0,4068.0,7939.0
2016-02-12,357.0,1834.0,1960.0,3794.0
2016-02-13,2742.0,3825.0,4015.0,7840.0
2016-02-14,2042.0,4226.0,4559.0,8785.0
2016-02-15,696.0,2199.0,2336.0,4535.0
2016-02-16,994.0,2830.0,3111.0,5941.0
2016-02-17,1429.0,3983.0,4122.0,8105.0
2016-02-18,1622.0,4576.0,4862.0,9438.0
2016-02-19,1630.0,4324.0,4453.0,8777.0
2016-02-20,6626.0,7863.0,8318.0,16181.0
2016-02-21,5102.0,5898.0,6109.0,12007.0
2016-02-22,1398.0,3406.0,3596.0,7002.0
2016-02-23,1726.0,4739.0,4949.0,9688.0
2016-02-24,1333.0,4192.0,4420.0,8612.0
2016-02-25,1538.0,5226.0,5439.0,10665.0
2016-02-26,2519.0,5147.0,5364.0,10511.0
2016-02-27,6519.0,8279.0,8772.0,17051.0
2016-02-28,4970.0,5946.0,6291.0,12237.0
2016-02-29,1233.0,3450.0,3648.0,7098.0
2016-03-01,4507.0,5555.0,5927.0,11482.0
2016-03-02,2146.0,2680.0,2929.0,5609.0
2016-03-03,1783.0,2785.0,3059.0,5844.0
2016-03-04,2783.0,3203.0,3448.0,6651.0
2016-03-05,1405.0,2917.0,3196.0,6113.0
2016-03-06,11564.0,5721.0,6197.0,11918.0
2016-03-07,1480.0,2207.0,2391.0,4598.0
2016-03-08,11521.0,2673.0,2997.0,5670.0
2016-03-09,1255.0,2526.0,2821.0,5347.0
2016-03-10,1184.0,2604.0,2797.0,5401.0
2016-03-11,2305.0,2568.0,2859.0,5427.0
2016-03-12,7460.0,6798.0,7387.0,14185.0
2016-03-13,6352.0,4783.0,5117.0,9900.0
2016-03-14,2385.0,2628.0,2898.0,5526.0
2016-03-15,2541.0,3352.0,3631.0,6983.0
2016-03-16,2697.0,3317.0,3637.0,6954.0
2016-03-17,2529.0,3315.0,3579.0,6894.0
2016-03-18,2836.0,3840.0,3965.0,7805.0
2016-03-19,33131.0,15045.0,15698.0,30743.0
2016-03-20,34360.0,12551.0,12699.0,25250.0
2016-03-21,3537.0,3515.0,3683.0,7198.0
2016-03-22,3338.0,3807.0,4222.0,8029.0
2016-03-23,2787.0,3487.0,3716.0,7203.0
2016-03-24,2438.0,3690.0,4095.0,7785.0
2016-03-25,3291.0,5180.0,5362.0,10542.0
2016-03-26,21748.0,12730.0,13479.0,26209.0
2016-03-27,30489.0,12222.0,12558.0,24780.0
2016-03-28,4136.0,3848.0,3994.0,7842.0
2016-03-29,2248.0,3565.0,3758.0,7323.0
2016-03-30,4857.0,6250.0,6366.0,12616.0
2016-03-31,4758.0,5290.0,5599.0,10889.0
2016-04-01,7537.0,8714.0,8927.0,17641.0
2016-04-02,37787.0,19661.0,20662.0,40323.0
2016-04-03,9952.0,7468.0,7890.0,15358.0
2016-04-04,6813.0,5246.0,5505.0,10751.0
2016-04-05,7452.0,7150.0,7410.0,14560.0
2016-04-06,9032.0,9023.0,9362.0,18385.0
2016-04-07,5013.0,5844.0,6211.0,12055.0
2016-04-08,11370.0,14481.0,14865.0,29346.0
2016-04-09,32879.0,23015.0,24075.0,47090.0
2016-04-10,33139.0,22530.0,22904.0,45434.0
2016-04-11,11313.0,10110.0,10369.0,20479.0
2016-04-12,12028.0,11960.0,12351.0,24311.0
2016-04-13,26405.0,14852.0,15397.0,30249.0
2016-04-14,7079.0,7411.0,7746.0,15157.0
2016-04-15,14228.0,11197.0,11503.0,22700.0
2016-04-16,14154.0,9316.0,10458.0,19774.0
2016-04-17,14205.0,7979.0,8481.0,16460.0
2016-04-18,5862.0,4621.0,4879.0,9500.0
2016-04-19,12051.0,5605.0,5986.0,11591.0
2016-04-20,6493.0,5037.0,5366.0,10403.0
2016-04-21,3489.0,3564.0,3828.0,7392.0
2016-04-22,9794.0,7087.0,7381.0,14468.0
2016-04-23,14361.0,11932.0,12856.0,24788.0
2016-04-24,19642.0,11698.0,11859.0,23557.0
2016-04-25,19979.0,5167.0,5407.0,10574.0
2016-04-26,11099.0,5993.0,6467.0,12460.0
2016-04-27,9335.0,7554.0,8005.0,15559.0
2016-04-28,11151.0,8061.0,8376.0,16437.0
2016-04-29,15084.0,14890.0,15109.0,29999.0
2016-04-30,21736.0,14422.0,15221.0,29643.0
2016-05-01,30424.0,14587.0,14652.0,29239.0
2016-05-02,7733.0,4963.0,5146.0,10109.0
2016-05-03,753.0,3217.0,3386.0,6603.0
2016-05-04,10890.0,21396.0,21117.0,42513.0
2016-05-05,56576.0,35062.0,35663.0,70725.0
2016-05-06,8080.0,7814.0,7864.0,15678.0
2016-05-07,25904.0,16606.0,17093.0,33699.0
2016-05-08,19215.0,10711.0,10867.0,21578.0
2016-05-09,6806.0,7425.0,7487.0,14912.0
2016-05-10,2258.0,3710.0,3971.0,7681.0
2016-05-11,7709.0,6885.0,7151.0,14036.0
2016-05-12,16904.0,9792.0,9930.0,19722.0
2016-05-13,17355.0,23874.0,23714.0,47588.0
2016-05-14,32851.0,21932.0,22779.0,44711.0
2016-05-15,14075.0,7982.0,8538.0,16520.0
2016-05-16,5166.0,4195.0,4565.0,8760.0
2016-05-17,8275.0,6822.0,7292.0,14114.0
2016-05-18,7436.0,6958.0,7383.0,14341.0
2016-05-19,9941.0,7833.0,7989.0,15822.0
2016-05-20,23828.0,16878.0,16909.0,33787.0
2016-05-21,23279.0,15249.0,16023.0,31272.0
2016-05-22,18154.0,11559.0,12087.0,23646.0
2016-05-23,5561.0,5715.0,5795.0,11510.0
2016-05-24,4659.0,5633.0,5944.0,11577.0
2016-05-25,8076.0,6094.0,6331.0,12425.0
2016-05-26,10669.0,8527.0,8758.0,17285.0
2016-05-27,12776.0,14596.0,14729.0,29325.0
2016-05-28,26458.0,17186.0,18055.0,35241.0
2016-05-29,26432.0,14108.0,14437.0,28545.0
2016-05-30,6051.0,5003.0,5176.0,10179.0
2016-05-31,8171.0,6565.0,6899.0,13464.0
2016-06-01,7294.0,7346.0,7631.0,14977.0
2016-06-02,10689.0,6445.0,6656.0,13101.0
2016-06-03,12144.0,10447.0,10654.0,21101.0
2016-06-04,28335.0,16327.0,17123.0,33450.0
2016-06-05,35553.0,18895.0,19222.0,38117.0
2016-06-06,33793.0,17456.0,17659.0,35115.0
2016-06-07,6851.0,5410.0,5652.0,11062.0
2016-06-08,5809.0,5515.0,5792.0,11307.0
2016-06-09,5259.0,4961.0,5217.0,10178.0
2016-06-10,7586.0,7428.0,7639.0,15067.0
2016-06-11,14093.0,10122.0,11033.0,21155.0
2016-06-12,12769.0,7673.0,8032.0,15705.0
2016-06-13,3744.0,3703.0,3949.0,7652.0
2016-06-14,3561.0,4401.0,4715.0,9116.0
2016-06-15,831.0,2311.0,2519.0,4830.0
2016-06-16,3988.0,4021.0,4350.0,8371.0
2016-06-17,4353.0,5713.0,5873.0,11586.0
2016-06-18,13617.0,10533.0,11569.0,22102.0
2016-06-19,12582.0,8204.0,8544.0,16748.0
2016-06-20,4317.0,4057.0,4274.0,8331.0
2016-06-21,2716.0,4621.0,4885.0,9506.0
2016-06-22,1590.0,3086.0,3241.0,6327.0
2016-06-23,3536.0,4384.0,4766.0,9150.0
2016-06-24,1484.0,3375.0,3631.0,7006.0
2016-06-25,13340.0,9991.0,10796.0,20787.0
2016-06-26,12829.0,8779.0,9107.0,17886.0
2016-06-27,2946.0,3917.0,4260.0,8177.0
2016-06-28,2542.0,4435.0,4785.0,9220.0
2016-06-29,2373.0,4289.0,4580.0,8869.0
2016-06-30,2314.0,4191.0,4548.0,8739.0
2016-07-01,2687.0,2750.0,3018.0,5768.0
2016-07-02,8963.0,5972.0,6316.0,12288.0
2016-07-03,10557.0,6254.0,6476.0,12730.0
2016-07-04,673.0,1849.0,2027.0,3876.0
2016-07-05,253.0,1728.0,1925.0,3653.0
2016-07-06,1816.0,4033.0,4208.0,8241.0
2016-07-07,2015.0,4235.0,4507.0,8742.0
2016-07-08,3066.0,5327.0,5636.0,10963.0
2016-07-09,5384.0,7544.0,8020.0,15564.0
2016-07-10,4618.0,5725.0,5924.0,11649.0
2016-07-11,1581.0,2816.0,3035.0,5851.0
2016-07-12,11686.0,4591.0,4708.0,9299.0
2016-07-13,4030.0,4379.0,3826.0,8205.0
2016-07-14,2063.0,5217.0,5634.0,10851.0
2016-07-15,3089.0,5592.0,5535.0,11127.0
2016-07-16,1000.0,3252.0,3353.0,6605.0
2016-07-17,9371.0,6073.0,6268.0,12341.0
2016-07-18,2795.0,3519.0,3632.0,7151.0
2016-07-19,2235.0,4852.0,5055.0,9907.0
2016-07-20,1697.0,4036.0,4221.0,8257.0
2016-07-21,1806.0,5341.0,5507.0,10848.0
2016-07-22,1396.0,4189.0,4348.0,8537.0
2016-07-23,4209.0,6480.0,6813.0,13293.0
2016-07-24,4578.0,5767.0,5919.0,11686.0
2016-07-25,2020.0,3587.0,3895.0,7482.0
2016-07-26,1833.0,5284.0,5522.0,10806.0
2016-07-27,1451.0,4077.0,4284.0,8361.0
2016-07-28,2361.0,6045.0,6378.0,12423.0
2016-07-29,5216.0,4031.0,4081.0,8112.0
2016-07-30,6043.0,7238.0,7514.0,14752.0
2016-07-31,5127.0,6762.0,6895.0,13657.0
2016-08-01,4432.0,5632.0,5870.0,11502.0
2016-08-02,4310.0,7728.0,8032.0,15760.0
2016-08-03,3003.0,6457.0,6683.0,13140.0
2016-08-04,1653.0,5256.0,5505.0,10761.0
2016-08-05,1756.0,5349.0,5585.0,10934.0
2016-08-06,2997.0,6175.0,6649.0,12824.0
2016-08-07,2576.0,5655.0,5664.0,11319.0
2016-08-08,1107.0,3047.0,3301.0,6348.0
2016-08-09,1184.0,4826.0,5022.0,9848.0
2016-08-10,1186.0,4728.0,4896.0,9624.0
2016-08-11,1090.0,4855.0,5052.0,9907.0
2016-08-12,1217.0,4855.0,5066.0,9921.0
2016-08-13,3166.0,6471.0,6727.0,13198.0
2016-08-14,6118.0,6538.0,6800.0,13338.0
2016-08-15,4219.0,6186.0,6380.0,12566.0
2016-08-16,1419.0,3620.0,3859.0,7479.0
2016-08-17,1444.0,4215.0,4292.0,8507.0
2016-08-18,11355.0,4497.0,4734.0,9231.0
2016-08-19,5328.0,4589.0,4795.0,9384.0
2016-08-20,5446.0,6900.0,7366.0,14266.0
2016-08-21,4372.0,5501.0,5625.0,11126.0
2016-08-22,1082.0,2620.0,2804.0,5424.0
2016-08-23,1134.0,3766.0,3986.0,7752.0
2016-08-24,1335.0,3514.0,3711.0,7225.0
2016-08-25,1283.0,3389.0,3567.0,6956.0
2016-08-26,2527.0,3949.0,4172.0,8121.0
2016-08-27,18602.0,10437.0,11178.0,21615.0
2016-08-28,17845.0,8135.0,8508.0,16643.0
2016-08-29,3559.0,3696.0,3886.0,7582.0
2016-08-30,3315.0,4156.0,4355.0,8511.0
2016-08-31,20690.0,2008.0,2167.0,4175.0
2016-09-01,2641.0,4122.0,4338.0,8460.0
2016-09-02,2828.0,3894.0,3986.0,7880.0
2016-09-03,19317.0,9467.0,10119.0,19586.0
2016-09-04,19461.0,8215.0,8562.0,16777.0
2016-09-05,2752.0,3205.0,3441.0,6646.0
2016-09-06,2774.0,3643.0,3875.0,7518.0
2016-09-07,2540.0,3819.0,4056.0,7875.0
2016-09-08,1712.0,3298.0,3420.0,6718.0
2016-09-09,8815.0,6043.0,6143.0,12186.0
2016-09-10,15573.0,9742.0,10559.0,20301.0
2016-09-11,18868.0,7990.0,8175.0,16165.0
2016-09-12,2908.0,3747.0,4045.0,7792.0
2016-09-13,4300.0,5204.0,5419.0,10623.0
2016-09-14,11425.0,6979.0,7083.0,14062.0
2016-09-15,17615.0,9912.0,9786.0,19698.0
2016-09-16,31344.0,15603.0,15814.0,31417.0
2016-09-17,19405.0,9602.0,9753.0,19355.0
2016-09-18,20824.0,9490.0,9895.0,19385.0
2016-09-19,3275.0,3628.0,3818.0,7446.0
2016-09-20,4394.0,4531.0,4778.0,9309.0
2016-09-21,3717.0,4883.0,5170.0,10053.0
2016-09-22,4503.0,4305.0,4612.0,8917.0
2016-09-23,5582.0,5621.0,5968.0,11589.0
2016-09-24,22835.0,12955.0,13759.0,26714.0
2016-09-25,20599.0,9749.0,10186.0,19935.0
2016-09-26,3649.0,3565.0,3810.0,7375.0
2016-09-27,1481.0,4584.0,4721.0,9305.0
2016-09-28,3947.0,6014.0,6091.0,12105.0
2016-09-29,5555.0,6003.0,6348.0,12351.0
2016-09-30,7733.0,8136.0,8492.0,16628.0
2016-10-01,26431.0,13145.0,13912.0,27057.0
2016-10-02,1846.0,3088.0,3151.0,6239.0
2016-10-03,29719.0,11554.0,11847.0,23401.0
2016-10-04,17037.0,7440.0,7672.0,15112.0
2016-10-05,4781.0,4579.0,4807.0,9386.0
2016-10-06,8611.0,6804.0,7078.0,13882.0
2016-10-07,8415.0,9756.0,10107.0,19863.0
2016-10-08,15752.0,11228.0,11721.0,22949.0
2016-10-09,21733.0,9969.0,10280.0,20249.0
2016-10-10,4417.0,4583.0,4785.0,9368.0
2016-10-11,9263.0,10173.0,10293.0,20466.0
2016-10-12,5745.0,5632.0,5854.0,11486.0
2016-10-13,8490.0,7277.0,7641.0,14918.0
2016-10-14,11644.0,14196.0,14565.0,28761.0
2016-10-15,22479.0,13448.0,14073.0,27521.0
2016-10-16,8192.0,6178.0,6449.0,12627.0
2016-10-17,4906.0,5012.0,5136.0,10148.0
2016-10-18,7973.0,8905.0,9000.0,17905.0
2016-10-19,8548.0,8789.0,9050.0,17839.0
2016-10-20,7825.0,9344.0,9376.0,18720.0
2016-10-21,10977.0,18266.0,18516.0,36782.0
2016-10-22,26904.0,16145.0,16962.0,33107.0
2016-10-23,13991.0,8496.0,9002.0,17498.0
2016-10-24,8155.0,4973.0,5272.0,10245.0
2016-10-25,2553.0,4484.0,4687.0,9171.0
2016-10-26,6751.0,6568.0,6829.0,13397.0
2016-10-27,7121.0,7872.0,8153.0,16025.0
2016-10-28,6436.0,10317.0,10305.0,20622.0
2016-10-29,14951.0,15442.0,19241.0,34683.0
2016-10-30,16856.0,9402.0,9812.0,19214.0
2016-10-31,2067.0,3292.0,3637.0,6929.0
2016-11-01,2291.0,3747.0,3985.0,7732.0
2016-11-02,7426.0,4300.0,4502.0,8802.0
2016-11-03,3207.0,4992.0,5386.0,10378.0
2016-11-04,4782.0,7686.0,7934.0,15620.0
2016-11-05,14380.0,13378.0,14088.0,27466.0
2016-11-06,19529.0,9796.0,10280.0,20076.0
2016-11-07,5735.0,3247.0,3546.0,6793.0
2016-11-08,2570.0,4006.0,4259.0,8265.0
2016-11-09,2630.0,4097.0,4347.0,8444.0
2016-11-10,1928.0,3694.0,3963.0,7657.0
2016-11-11,3662.0,6119.0,6402.0,12521.0
2016-11-12,13925.0,11832.0,12554.0,24386.0
2016-11-13,13407.0,7502.0,7937.0,15439.0
2016-11-14,1819.0,2832.0,3043.0,5875.0
2016-11-15,2205.0,3573.0,3884.0,7457.0
2016-11-16,2019.0,3697.0,3985.0,7682.0
2016-11-17,3480.0,5496.0,5796.0,11292.0
2016-11-18,2356.0,4469.0,4683.0,9152.0
2016-11-19,9936.0,8298.0,8758.0,17056.0
2016-11-20,24388.0,7466.0,7907.0,15373.0
2016-11-21,2231.0,2983.0,3186.0,6169.0
2016-11-22,1433.0,3370.0,3637.0,7007.0
2016-11-23,1021.0,3782.0,3936.0,7718.0
2016-11-24,881.0,2539.0,2793.0,5332.0
2016-11-25,1817.0,4380.0,4629.0,9009.0
2016-11-26,2325.0,5453.0,5684.0,11137.0
2016-11-27,3815.0,4917.0,5278.0,10195.0
2016-11-28,1180.0,2615.0,2754.0,5369.0
2016-11-29,1237.0,3839.0,3999.0,7838.0
2016-11-30,978.0,3319.0,3447.0,6766.0
2016-12-01,1483.0,5280.0,5487.0,10767.0
2016-12-02,1224.0,4587.0,4675.0,9262.0
2016-12-03,5705.0,6291.0,6673.0,12964.0
2016-12-04,4360.0,4460.0,4863.0,9323.0
2016-12-05,952.0,2071.0,2170.0,4241.0
2016-12-06,997.0,6767.0,6959.0,13726.0
2016-12-07,1314.0,4932.0,5118.0,10050.0
2016-12-08,1090.0,5597.0,5742.0,11339.0
2016-12-09,1245.0,5193.0,5348.0,10541.0
2016-12-10,2386.0,4404.0,4925.0,9329.0
2016-12-11,3222.0,3959.0,4378.0,8337.0
2016-12-12,1043.0,2397.0,2591.0,4988.0
2016-12-13,1312.0,5860.0,6014.0,11874.0
2016-12-14,930.0,5825.0,6027.0,11852.0
2016-12-15,698.0,4607.0,4735.0,9342.0
2016-12-16,565.0,4437.0,4557.0,8994.0
2016-12-17,2403.0,5296.0,5428.0,10724.0
2017-03-30,2369.0,3490.0,3716.0,7206.0
2017-03-31,1299.0,3244.0,3333.0,6577.0
2017-04-01,17070.0,9108.0,9721.0,18829.0
2017-04-02,32453.0,10069.0,10397.0,20466.0
2017-04-03,3032.0,3311.0,3498.0,6809.0
2017-04-04,3576.0,5223.0,5501.0,10724.0
2017-04-05,1067.0,3656.0,3850.0,7506.0
2017-04-06,1603.0,3282.0,3496.0,6778.0
2017-04-07,6248.0,8782.0,8961.0,17743.0
2017-04-08,40887.0,23263.0,23936.0,47199.0
2017-04-09,39359.0,18893.0,19040.0,37933.0
2017-04-10,7589.0,7417.0,7603.0,15020.0
2017-04-11,7035.0,7754.0,8018.0,15772.0
2017-04-12,7538.0,9325.0,9692.0,19017.0
2017-04-13,7727.0,8694.0,9075.0,17769.0
2017-04-14,3060.0,8033.0,8842.0,16875.0
2017-04-15,31747.0,20623.0,21611.0,42234.0
2017-04-16,37119.0,19306.0,19855.0,39161.0
2017-04-17,2046.0,3155.0,3408.0,6563.0
2017-04-18,2864.0,4146.0,4503.0,8649.0
2017-04-19,17911.0,5671.0,5945.0,11616.0
2017-04-20,3430.0,3710.0,4069.0,7779.0
2017-04-21,7265.0,7060.0,7284.0,14344.0
2017-04-22,30798.0,16490.0,17480.0,33970.0
2017-04-23,40116.0,14207.0,14431.0,28638.0
2017-04-24,6026.0,4736.0,5030.0,9766.0
2017-04-25,5660.0,5839.0,6062.0,11901.0
2017-04-26,7375.0,6526.0,6722.0,13248.0
2017-04-27,7647.0,7526.0,7625.0,15151.0
2017-04-28,9533.0,13211.0,13064.0,26275.0
2017-04-29,21476.0,14702.0,15202.0,29904.0
2017-04-30,26596.0,13566.0,13681.0,27247.0
2017-05-01,22645.0,15033.0,15153.0,30186.0
2017-05-02,13719.0,15477.0,15527.0,31004.0
2017-05-03,30066.0,20336.0,20820.0,41156.0
2017-05-04,25025.0,16605.0,16914.0,33519.0
2017-05-05,45644.0,21063.0,21237.0,42300.0
2017-05-06,9739.0,9805.0,10051.0,19856.0
2017-05-07,7524.0,7265.0,7289.0,14554.0
2017-05-08,3853.0,6350.0,6434.0,12784.0
2017-05-09,3906.0,5751.0,5914.0,11665.0
2017-05-10,4535.0,6707.0,6763.0,13470.0
2017-05-11,5694.0,7760.0,8013.0,15773.0
2017-05-12,18803.0,14828.0,15034.0,29862.0
2017-05-13,7674.0,8833.0,9250.0,18083.0
2017-05-14,30637.0,16566.0,16976.0,33542.0
2017-05-15,6332.0,6909.0,7108.0,14017.0
2017-05-16,6141.0,5065.0,5342.0,10407.0
2017-05-17,6278.0,6167.0,6308.0,12475.0
2017-05-18,8283.0,6365.0,6650.0,13015.0
2017-05-19,12175.0,16165.0,16152.0,32317.0
2017-05-20,22151.0,14666.0,15421.0,30087.0
2017-05-21,23790.0,11463.0,11772.0,23235.0
2017-05-22,4771.0,4127.0,4408.0,8535.0
2017-05-23,5287.0,4896.0,5363.0,10259.0
2017-05-24,6215.0,5231.0,5456.0,10687.0
2017-05-25,7625.0,6003.0,6123.0,12126.0
2017-05-26,12340.0,11320.0,11333.0,22653.0
2017-05-27,30814.0,18039.0,18885.0,36924.0
2017-05-28,36153.0,15407.0,15650.0,31057.0
2017-05-29,6938.0,5024.0,5215.0,10239.0
2017-05-30,8418.0,6594.0,6832.0,13426.0
2017-05-31,6498.0,6319.0,6560.0,12879.0
2017-06-01,8859.0,6530.0,6728.0,13258.0
2017-06-02,10337.0,10237.0,10571.0,20808.0
2017-06-03,30298.0,14951.0,15851.0,30802.0
2017-06-04,33655.0,13476.0,13857.0,27333.0
2017-06-05,17477.0,12579.0,12737.0,25316.0
2017-06-06,20711.0,11774.0,12179.0,23953.0
2017-06-07,1809.0,4143.0,4268.0,8411.0
2017-06-08,23117.0,5088.0,5359.0,10447.0
2017-06-09,15315.0,6848.0,7226.0,14074.0
2017-06-10,20068.0,12846.0,13674.0,26520.0
2017-06-11,21850.0,10263.0,10814.0,21077.0
2017-06-12,3466.0,3688.0,3886.0,7574.0
2017-06-13,3855.0,4005.0,4288.0,8293.0
2017-06-14,4047.0,4743.0,4864.0,9607.0
2017-06-15,6940.0,4419.0,4663.0,9082.0
2017-06-16,3257.0,4986.0,5258.0,10244.0
2017-06-17,9893.0,9445.0,10286.0,19731.0
2017-06-18,8530.0,6989.0,7294.0,14283.0
2017-06-19,2117.0,3191.0,3490.0,6681.0
2017-06-20,2487.0,4307.0,4596.0,8903.0
2017-06-21,2182.0,4124.0,4276.0,8400.0
2017-06-22,12868.0,3734.0,4032.0,7766.0
2017-06-23,2102.0,4299.0,4526.0,8825.0
2017-06-24,6117.0,7974.0,8681.0,16655.0
2017-06-25,6027.0,5439.0,5647.0,11086.0
2017-06-26,1249.0,2357.0,2537.0,4894.0
2017-06-27,2201.0,4007.0,4247.0,8254.0
2017-06-28,2106.0,3961.0,4242.0,8203.0
2017-06-29,2090.0,3927.0,4266.0,8193.0
2017-06-30,2060.0,4384.0,4686.0,9070.0
2017-07-01,7583.0,6754.0,7402.0,14156.0
2017-07-02,1437.0,2677.0,2675.0,5352.0
2017-07-03,795.0,1740.0,1836.0,3576.0
2017-07-04,1715.0,3158.0,3366.0,6524.0
2017-07-05,1335.0,3734.0,3939.0,7673.0
2017-07-06,1249.0,4405.0,4572.0,8977.0
2017-07-07,862.0,2800.0,3101.0,5901.0
2017-07-08,1694.0,3702.0,3802.0,7504.0
2017-07-09,3411.0,3930.0,4068.0,7998.0
2017-07-10,336.0,1340.0,1494.0,2834.0
2017-07-11,1474.0,3783.0,3957.0,7740.0
2017-07-12,1588.0,3981.0,4195.0,8176.0
2017-07-13,1166.0,3440.0,3674.0,7114.0
2017-07-14,1343.0,4217.0,4459.0,8676.0
2017-07-15,1923.0,3914.0,4212.0,8126.0
2017-07-16,4534.0,4182.0,4361.0,8543.0
2017-07-17,1174.0,2458.0,2685.0,5143.0
2017-07-18,1448.0,3172.0,3336.0,6508.0
2017-07-19,1168.0,3646.0,3785.0,7431.0
2017-07-20,929.0,4239.0,4413.0,8652.0
2017-07-21,1068.0,3632.0,3887.0,7519.0
2017-07-22,2474.0,4726.0,4932.0,9658.0
2017-07-23,690.0,2276.0,2266.0,4542.0
2017-07-24,694.0,2051.0,2172.0,4223.0
2017-07-25,1292.0,3720.0,3921.0,7641.0
2017-07-26,1258.0,4200.0,4355.0,8555.0
2017-07-27,10847.0,4577.0,4792.0,9369.0
2017-07-28,773.0,3297.0,3366.0,6663.0
2017-07-29,5712.0,5945.0,6211.0,12156.0
2017-07-30,5679.0,6340.0,6319.0,12659.0
2017-07-31,1763.0,1963.0,2083.0,4046.0
2017-08-01,3886.0,6653.0,6928.0,13581.0
2017-08-02,1942.0,5565.0,5798.0,11363.0
2017-08-03,1886.0,5260.0,5539.0,10799.0
2017-08-04,2130.0,5248.0,5380.0,10628.0
2017-08-05,2711.0,5420.0,5719.0,11139.0
2017-08-06,2334.0,4216.0,4243.0,8459.0
2017-08-07,1215.0,2874.0,3039.0,5913.0
2017-08-08,1491.0,5089.0,5264.0,10353.0
2017-08-09,1586.0,4979.0,5142.0,10121.0
2017-08-10,940.0,3710.0,3857.0,7567.0
2017-08-11,1867.0,4867.0,5083.0,9950.0
2017-08-12,6306.0,8461.0,8843.0,17304.0
2017-08-13,10215.0,6811.0,7033.0,13844.0
2017-08-14,1840.0,2856.0,3023.0,5879.0
2017-08-15,825.0,3292.0,3294.0,6586.0
2017-08-16,1948.0,3898.0,4106.0,8004.0
2017-08-17,1868.0,4027.0,4205.0,8232.0
2017-08-18,2759.0,4430.0,4658.0,9088.0
2017-08-19,10487.0,7703.0,8271.0,15974.0
2017-08-20,1447.0,2962.0,3006.0,5968.0
2017-08-21,4390.0,2505.0,2697.0,5202.0
2017-08-22,2375.0,4532.0,4772.0,9304.0
2017-08-23,718.0,2405.0,2622.0,5027.0
2017-08-24,570.0,2217.0,2306.0,4523.0
2017-08-25,2262.0,4933.0,5159.0,10092.0
2017-08-26,14234.0,8922.0,9572.0,18494.0
2017-08-27,16465.0,7518.0,7857.0,15375.0
2017-08-28,1461.0,2454.0,2630.0,5084.0
2017-08-29,3357.0,4011.0,4229.0,8240.0
2017-08-30,2814.0,4086.0,4325.0,8411.0
2017-08-31,3165.0,3865.0,4109.0,7974.0
2017-09-01,3372.0,4532.0,4760.0,9292.0
2017-09-02,22897.0,9839.0,10384.0,20223.0
2017-09-03,23438.0,7772.0,7947.0,15719.0
2017-09-04,2867.0,3087.0,3190.0,6277.0
2017-09-05,2167.0,3409.0,3595.0,7004.0
2017-09-06,1789.0,3718.0,3835.0,7553.0
2017-09-07,4429.0,3712.0,3997.0,7709.0
2017-09-08,4116.0,5285.0,5517.0,10802.0
2017-09-09,16990.0,8930.0,9579.0,18509.0
2017-09-10,16031.0,7621.0,7947.0,15568.0
2017-09-11,10911.0,2178.0,2291.0,4469.0
2017-09-12,3765.0,4642.0,4839.0,9481.0
2017-09-13,3854.0,4311.0,4514.0,8825.0
2017-09-14,2974.0,3892.0,4181.0,8073.0
2017-09-15,5642.0,5580.0,5927.0,11507.0
2017-09-16,20420.0,10472.0,11108.0,21580.0
2017-09-17,21210.0,7963.0,8212.0,16175.0
2017-09-18,4121.0,3803.0,3986.0,7789.0
2017-09-19,2295.0,3361.0,3613.0,6974.0
2017-09-20,6104.0,5136.0,5335.0,10471.0
2017-09-21,4773.0,4578.0,4913.0,9491.0
2017-09-22,7164.0,6344.0,6681.0,13025.0
2017-09-23,17275.0,10937.0,11441.0,22378.0
2017-09-24,14293.0,8083.0,8599.0,16682.0
2017-09-25,2517.0,3648.0,3781.0,7429.0
2017-09-26,3566.0,4543.0,4685.0,9228.0
2017-09-27,2489.0,4617.0,4709.0,9326.0
2017-09-28,3966.0,6010.0,6227.0,12237.0
2017-09-29,6489.0,8232.0,8267.0,16499.0
2017-09-30,12530.0,9263.0,9817.0,19080.0
2017-10-01,6242.0,4934.0,5229.0,10163.0
2017-10-02,20621.0,8428.0,8647.0,17075.0
2017-10-03,15822.0,7844.0,7873.0,15717.0
2017-10-04,18532.0,9012.0,8816.0,17828.0
2017-10-05,31373.0,14681.0,14685.0,29366.0
2017-10-06,20174.0,9409.0,9639.0,19048.0
2017-10-07,30988.0,14583.0,15109.0,29692.0
2017-10-08,28268.0,11982.0,12412.0,24394.0
2017-10-09,20446.0,10836.0,11132.0,21968.0
2017-10-10,2259.0,3145.0,3342.0,6487.0
2017-10-11,2084.0,3575.0,3747.0,7322.0
2017-10-12,3890.0,4668.0,4784.0,9452.0
2017-10-13,6290.0,10407.0,10600.0,21007.0
2017-10-14,16474.0,13409.0,14193.0,27602.0
2017-10-15,19047.0,7920.0,8081.0,16001.0
2017-10-16,6632.0,3466.0,3638.0,7104.0
2017-10-17,13948.0,10175.0,10328.0,20503.0
2017-10-18,4916.0,6435.0,6627.0,13062.0
2017-10-19,5751.0,7609.0,7568.0,15177.0
2017-10-20,10209.0,14462.0,14572.0,29034.0
2017-10-21,21936.0,13547.0,14163.0,27710.0
2017-10-22,24390.0,9616.0,10010.0,19626.0
2017-10-23,4448.0,3901.0,4124.0,8025.0
2017-10-24,19324.0,5570.0,5870.0,11440.0
2017-10-25,4541.0,5757.0,5924.0,11681.0
2017-10-26,4993.0,6532.0,6825.0,13357.0
2017-10-27,8309.0,13795.0,13724.0,27519.0
2017-10-28,26282.0,15256.0,16482.0,31738.0
2017-10-29,18846.0,10673.0,10930.0,21603.0
2017-10-30,3275.0,4222.0,4518.0,8740.0
2017-10-31,5736.0,4749.0,5048.0,9797.0
2017-11-01,3363.0,5993.0,6126.0,12119.0
2017-11-02,2669.0,4565.0,4938.0,9503.0
2017-11-03,3156.0,5736.0,5964.0,11700.0
2017-11-04,12087.0,10315.0,11066.0,21381.0
2017-11-05,12760.0,8663.0,9226.0,17889.0
2017-11-06,3340.0,3942.0,4153.0,8095.0
2017-11-07,3494.0,4756.0,5120.0,9876.0
2017-11-08,2653.0,4900.0,5117.0,10017.0
2017-11-09,3089.0,4201.0,4477.0,8678.0
2017-11-10,2353.0,4722.0,4954.0,9676.0
2017-11-11,8008.0,8312.0,9048.0,17360.0
2017-11-12,9312.0,6870.0,7291.0,14161.0
2017-11-13,1611.0,2669.0,2904.0,5573.0
2017-11-14,2003.0,3445.0,3704.0,7149.0
2017-11-15,1404.0,3217.0,3396.0,6613.0
2017-11-16,1245.0,3564.0,3810.0,7374.0
2017-11-17,1388.0,3387.0,3461.0,6848.0
2017-11-18,2759.0,4820.0,5355.0,10175.0
2017-11-19,1918.0,3549.0,3773.0,7322.0
2017-11-20,857.0,1954.0,2177.0,4131.0
2017-11-21,1581.0,3368.0,3571.0,6939.0
2017-11-22,1041.0,3002.0,3250.0,6252.0
2017-11-23,1927.0,2909.0,3168.0,6077.0
2017-11-24,747.0,2890.0,3051.0,5941.0
2017-11-25,1384.0,4159.0,4522.0,8681.0
2017-11-26,2487.0,4125.0,4339.0,8464.0
2017-11-27,1072.0,2097.0,2309.0,4406.0
2017-11-28,1139.0,3098.0,3310.0,6408.0
2017-11-29,795.0,2728.0,2960.0,5688.0
2017-11-30,11318.0,3655.0,3877.0,7532.0
2017-12-01,718.0,4475.0,4544.0,9019.0
2017-12-02,2168.0,4596.0,4875.0,9471.0
2017-12-03,1991.0,3106.0,3493.0,6599.0
2017-12-04,719.0,2071.0,2204.0,4275.0
2017-12-05,630.0,3056.0,3289.0,6345.0
2017-12-06,721.0,4863.0,4987.0,9850.0
2017-12-07,911.0,4318.0,4442.0,8760.0
2017-12-08,643.0,4553.0,4551.0,9104.0
2017-12-09,1792.0,4267.0,4645.0,8912.0
2017-12-10,1024.0,2938.0,3241.0,6179.0
2017-12-11,479.0,1652.0,1842.0,3494.0
2017-12-12,324.0,4867.0,4923.0,9790.0
2017-12-13,462.0,5299.0,5460.0,10759.0
2017-12-14,761.0,3442.0,3551.0,6993.0
2017-12-15,627.0,3558.0,3635.0,7193.0
2017-12-16,1206.0,4080.0,4318.0,8398.0
2017-12-17,996.0,2870.0,3027.0,5897.0
2017-12-18,420.0,2386.0,2438.0,4824.0
2017-12-19,657.0,4004.0,4229.0,8233.0
2017-12-20,2985.0,2980.0,3204.0,6184.0
2017-12-21,653.0,3052.0,3259.0,6311.0
2017-12-22,804.0,5035.0,5068.0,10103.0
2017-12-23,1905.0,4796.0,5049.0,9845.0
2017-12-24,403.0,2183.0,2247.0,4430.0
2017-12-25,2030.0,4374.0,4460.0,8834.0
2017-12-26,772.0,2257.0,2430.0,4687.0
2017-12-27,488.0,2916.0,3100.0,6016.0
2017-12-28,778.0,2762.0,2948.0,5710.0
2017-12-29,853.0,3541.0,3698.0,7239.0
2017-12-30,1520.0,4165.0,4442.0,8607.0
2017-12-31,1868.0,4207.0,4331.0,8538.0
2018-01-01,2316.0,2583.0,2559.0,5142.0
2018-01-02,988.0,3386.0,3637.0,7023.0
2018-01-03,694.0,2867.0,3075.0,5942.0
2018-01-04,671.0,2739.0,2938.0,5677.0
2018-01-05,758.0,2985.0,3148.0,6133.0
2018-01-06,1935.0,4316.0,4781.0,9097.0
2018-01-07,1881.0,3544.0,3921.0,7465.0
2018-01-08,634.0,1893.0,2049.0,3942.0
2018-01-09,523.0,2570.0,2730.0,5300.0
2018-01-10,382.0,2297.0,2422.0,4719.0
2018-01-11,312.0,1866.0,1963.0,3829.0
2018-01-12,228.0,1741.0,1861.0,3602.0
2018-01-13,1015.0,3737.0,4047.0,7784.0
2018-01-14,1654.0,3460.0,3721.0,7181.0
2018-01-15,645.0,1974.0,2114.0,4088.0
2018-01-16,699.0,2660.0,2796.0,5456.0
2018-01-17,631.0,2673.0,2813.0,5486.0
2018-01-18,1503.0,2858.0,3059.0,5917.0
2018-01-19,918.0,3613.0,3627.0,7240.0
2018-01-20,2083.0,5093.0,5254.0,10347.0
2018-01-21,2123.0,3960.0,4219.0,8179.0
2018-01-22,852.0,2191.0,2328.0,4519.0
2018-01-23,363.0,2185.0,2283.0,4468.0
2018-01-24,128.0,1556.0,1646.0,3202.0
2018-01-25,162.0,1601.0,1715.0,3316.0
2018-01-26,222.0,1681.0,1673.0,3354.0
2018-01-27,655.0,2704.0,2834.0,5538.0
2018-01-28,962.0,2706.0,2889.0,5595.0
2018-01-29,409.0,1450.0,1594.0,3044.0
2018-01-30,9660.0,2630.0,2710.0,5340.0
2018-01-31,585.0,3196.0,3527.0,6723.0
2018-02-01,679.0,2283.0,2435.0,4718.0
2018-02-02,704.0,2364.0,2482.0,4846.0
2018-02-03,1049.0,3238.0,3556.0,6794.0
2018-02-04,790.0,2409.0,2610.0,5019.0
2018-02-05,348.0,1363.0,1471.0,2834.0
2018-02-06,369.0,1799.0,1937.0,3736.0
2018-02-07,418.0,2399.0,2532.0,4931.0
2018-02-08,724.0,2408.0,2556.0,4964.0
2018-02-09,657.0,2467.0,2584.0,5051.0
2018-02-10,1861.0,4338.0,4750.0,9088.0
2018-02-11,1159.0,2630.0,2798.0,5428.0
2018-02-12,499.0,1644.0,1783.0,3427.0
2018-02-13,725.0,2533.0,2683.0,5216.0
2018-02-14,810.0,2441.0,2560.0,5001.0
2018-02-15,1765.0,2565.0,2586.0,5151.0
2018-02-16,3007.0,2847.0,2784.0,5631.0
2018-02-17,3590.0,4443.0,4508.0,8951.0
2018-02-18,3370.0,3820.0,4045.0,7865.0
2018-02-19,1558.0,2741.0,2873.0,5614.0
2018-02-20,1243.0,3767.0,3874.0,7641.0
2018-02-21,1169.0,3367.0,3484.0,6851.0
2018-02-22,1348.0,4205.0,4297.0,8502.0
2018-02-23,1079.0,3803.0,3884.0,7687.0
2018-02-24,3362.0,6140.0,6431.0,12571.0
2018-02-25,6139.0,5509.0,5778.0,11287.0
2018-02-26,2252.0,3458.0,3566.0,7024.0
2018-02-27,1517.0,4567.0,4685.0,9252.0
2018-02-28,626.0,2638.0,2771.0,5409.0
2018-03-01,3290.0,4067.0,4358.0,8425.0
2018-03-02,1500.0,2512.0,2681.0,5193.0
2018-03-03,14540.0,7383.0,7721.0,15104.0
2018-03-04,3619.0,2872.0,3006.0,5878.0
2018-03-05,1049.0,1660.0,1817.0,3477.0
2018-03-06,1751.0,2815.0,3036.0,5851.0
2018-03-07,1434.0,2549.0,2774.0,5323.0
2018-03-08,604.0,1821.0,2055.0,3876.0
2018-03-09,1366.0,2700.0,2832.0,5532.0
2018-03-10,10723.0,6463.0,7070.0,13533.0
2018-03-11,14512.0,6101.0,6424.0,12525.0
2018-03-12,1555.0,2432.0,2631.0,5063.0
2018-03-13,1819.0,2947.0,3162.0,6109.0
2018-03-14,3032.0,3398.0,3675.0,7073.0
2018-03-15,390.0,1585.0,1709.0,3294.0
2018-03-16,2101.0,3077.0,3203.0,6280.0
2018-03-17,21711.0,9709.0,10350.0,20059.0
2018-03-18,11340.0,5476.0,5677.0,11153.0
2018-03-19,785.0,1741.0,1893.0,3634.0
2018-03-20,1228.0,2766.0,2999.0,5765.0
2018-03-21,2184.0,2032.0,2243.0,4275.0
2018-03-22,1559.0,2802.0,3049.0,5851.0
2018-03-23,1922.0,3283.0,3455.0,6738.0
2018-03-24,8418.0,7746.0,8336.0,16082.0
2018-03-25,7334.0,6437.0,6595.0,13032.0
2018-03-26,1227.0,2024.0,2188.0,4212.0
2018-03-27,1297.0,2896.0,3123.0,6019.0
2018-03-28,1830.0,3248.0,3377.0,6625.0
2018-03-29,1588.0,2830.0,3037.0,5867.0
2018-03-30,3670.0,4988.0,5163.0,10151.0
2018-03-31,24609.0,10909.0,11666.0,22575.0
2018-04-01,15121.0,6747.0,6874.0,13621.0
2018-04-02,2785.0,3217.0,3423.0,6640.0
2018-04-03,3689.0,5589.0,5817.0,11406.0
2018-04-04,2575.0,4639.0,4810.0,9449.0
2018-04-05,992.0,3090.0,3187.0,6277.0
2018-04-06,3920.0,8307.0,8432.0,16739.0
2018-04-07,12741.0,13010.0,13393.0,26403.0
2018-04-08,12683.0,10725.0,10989.0,21714.0
2018-04-09,5775.0,6640.0,6791.0,13431.0
2018-04-10,7236.0,8276.0,8520.0,16796.0
2018-04-11,4184.0,6546.0,6759.0,13305.0
2018-04-12,7264.0,7826.0,8296.0,16122.0
2018-04-13,8694.0,11248.0,11568.0,22816.0
2018-04-14,2097.0,4446.0,4743.0,9189.0
2018-04-15,21355.0,11853.0,12159.0,24012.0
2018-04-16,5480.0,4910.0,5065.0,9975.0
2018-04-17,5164.0,5280.0,5533.0,10813.0
2018-04-18,5634.0,5273.0,5510.0,10783.0
2018-04-19,5069.0,4749.0,5030.0,9779.0
2018-04-20,5353.0,6515.0,6848.0,13363.0
2018-04-21,32610.0,16444.0,17576.0,34020.0
2018-04-22,7680.0,5708.0,5923.0,11631.0
2018-04-23,288.0,1199.0,1381.0,2580.0
2018-04-24,4340.0,3926.0,4033.0,7959.0
2018-04-25,8633.0,5747.0,5997.0,11744.0
2018-04-26,15833.0,6343.0,6575.0,12918.0
2018-04-27,14350.0,9240.0,9606.0,18846.0
2018-04-28,22964.0,13884.0,14516.0,28400.0
2018-04-29,29774.0,11948.0,11997.0,23945.0
2018-04-30,15101.0,5498.0,5622.0,11120.0
2018-05-01,22284.0,16067.0,16360.0,32427.0
2018-05-02,1349.0,4070.0,4093.0,8163.0
2018-05-03,9103.0,7342.0,7582.0,14924.0
2018-05-04,11398.0,18107.0,18502.0,36609.0
2018-05-05,52310.0,23023.0,23587.0,46610.0
2018-05-06,3344.0,3247.0,3137.0,6384.0
2018-05-07,32821.0,14348.0,14563.0,28911.0
2018-05-08,5728.0,5539.0,5656.0,11195.0
2018-05-09,5892.0,4957.0,5270.0,10227.0
2018-05-10,6762.0,5725.0,5810.0,11535.0
2018-05-11,9835.0,13704.0,13370.0,27074.0
2018-05-12,1345.0,3226.0,3553.0,6779.0
2018-05-13,23131.0,9347.0,9589.0,18936.0
2018-05-14,4102.0,4526.0,4655.0,9181.0
2018-05-15,4825.0,8701.0,8593.0,17294.0
2018-05-16,896.0,2880.0,3186.0,6066.0
2018-05-17,1309.0,3297.0,3555.0,6852.0
2018-05-18,5492.0,12991.0,12336.0,25327.0
2018-05-19,33655.0,18151.0,18722.0,36873.0
2018-05-20,30449.0,14149.0,14604.0,28753.0
2018-05-21,19298.0,12079.0,12658.0,24737.0
2018-05-22,28495.0,15388.0,15884.0,31272.0
2018-05-23,6302.0,5117.0,5319.0,10436.0
2018-05-24,6387.0,5278.0,5424.0,10702.0
2018-05-25,8457.0,9343.0,9552.0,18895.0
2018-05-26,27705.0,17896.0,18556.0,36452.0
2018-05-27,32244.0,13856.0,14091.0,27947.0
2018-05-28,27205.0,5615.0,5759.0,11374.0
2018-05-29,8741.0,5646.0,5783.0,11429.0
2018-05-30,7303.0,6067.0,6286.0,12353.0
2018-05-31,26276.0,6868.0,7299.0,14167.0
2018-06-01,9969.0,10916.0,10975.0,21891.0
2018-06-02,26341.0,14570.0,15123.0,29693.0
2018-06-03,25808.0,11319.0,11682.0,23001.0
2018-06-04,5922.0,4786.0,4982.0,9768.0
2018-06-05,9027.0,7550.0,7699.0,15249.0
2018-06-06,29944.0,14558.0,15176.0,29734.0
2018-06-07,6171.0,5141.0,5390.0,10531.0
2018-06-08,7157.0,6600.0,6802.0,13402.0
2018-06-09,18036.0,10972.0,11590.0,22562.0
2018-06-10,19328.0,7736.0,7806.0,15542.0
2018-06-11,3626.0,3585.0,3711.0,7296.0
2018-06-12,5547.0,5027.0,5386.0,10413.0
2018-06-13,17997.0,8999.0,9409.0,18408.0
2018-06-14,1766.0,2978.0,3030.0,6008.0
2018-06-15,4362.0,4714.0,4960.0,9674.0
2018-06-16,15207.0,9417.0,10013.0,19430.0
2018-06-17,12254.0,7229.0,7526.0,14755.0
2018-06-18,2432.0,3135.0,3307.0,6442.0
2018-06-19,3781.0,3714.0,3912.0,7626.0
2018-06-20,3212.0,4416.0,4552.0,8968.0
2018-06-21,2893.0,4194.0,4456.0,8650.0
2018-06-22,16022.0,4500.0,4677.0,9177.0
2018-06-23,8845.0,8268.0,8852.0,17120.0
2018-06-24,6553.0,6362.0,6533.0,12895.0
2018-06-25,2284.0,3146.0,3406.0,6552.0
2018-06-26,13766.0,1793.0,1958.0,3751.0
2018-06-27,1986.0,3208.0,3373.0,6581.0
2018-06-28,1969.0,3449.0,3685.0,7134.0
2018-06-29,8100.0,3823.0,4027.0,7850.0
2018-06-30,3604.0,4805.0,4849.0,9654.0
2018-07-01,411.0,1833.0,1846.0,3679.0
2018-07-02,334.0,1282.0,1431.0,2713.0
2018-07-03,1777.0,3355.0,3509.0,6864.0
2018-07-04,1568.0,3414.0,3619.0,7033.0
2018-07-05,1283.0,3302.0,3355.0,6657.0
2018-07-06,2418.0,5060.0,5392.0,10452.0
2018-07-07,11179.0,8113.0,8461.0,16574.0
2018-07-08,12207.0,6853.0,7082.0,13935.0
2018-07-09,574.0,1644.0,1816.0,3460.0
2018-07-10,1614.0,3232.0,3394.0,6626.0
2018-07-11,1407.0,3822.0,4069.0,7891.0
2018-07-12,2517.0,4558.0,4703.0,9261.0
2018-07-13,1356.0,4828.0,5041.0,9869.0
2018-07-14,3918.0,5722.0,6184.0,11906.0
2018-07-15,3031.0,4624.0,4743.0,9367.0
2018-07-16,852.0,2205.0,2385.0,4590.0
2018-07-17,1139.0,2997.0,3232.0,6229.0
2018-07-18,14697.0,3903.0,3990.0,7893.0
2018-07-19,899.0,2773.0,2811.0,5584.0
2018-07-20,756.0,2915.0,3115.0,6030.0
2018-07-21,1537.0,4643.0,4867.0,9510.0
2018-07-22,1228.0,3508.0,3601.0,7109.0
2018-07-23,605.0,2015.0,2198.0,4213.0
2018-07-24,516.0,2769.0,2911.0,5680.0
2018-07-25,651.0,2830.0,2954.0,5784.0
2018-07-26,712.0,2933.0,3046.0,5979.0
2018-07-27,1830.0,3529.0,3730.0,7259.0
2018-07-28,1410.0,4247.0,4415.0,8662.0
2018-07-29,1620.0,3669.0,3788.0,7457.0
2018-07-30,937.0,2506.0,2651.0,5157.0
2018-07-31,1320.0,3880.0,3974.0,7854.0
2018-08-01,607.0,3589.0,3730.0,7319.0
2018-08-02,792.0,3574.0,3699.0,7273.0
2018-08-03,701.0,3708.0,3801.0,7509.0
2018-08-04,1558.0,4116.0,4293.0,8409.0
2018-08-05,1690.0,3587.0,3511.0,7098.0
2018-08-06,815.0,2113.0,2259.0,4372.0
2018-08-07,816.0,3520.0,3609.0,7129.0
2018-08-08,720.0,3115.0,3255.0,6370.0
2018-08-09,1072.0,3195.0,3365.0,6560.0
2018-08-10,725.0,3288.0,3459.0,6747.0
2018-08-11,2070.0,4539.0,4784.0,9323.0
2018-08-12,3107.0,4686.0,4680.0,9366.0
2018-08-13,865.0,2147.0,2285.0,4432.0
2018-08-14,943.0,3402.0,3617.0,7019.0
2018-08-15,1790.0,4850.0,4947.0,9797.0
2018-08-16,755.0,3101.0,3248.0,6349.0
2018-08-17,1690.0,4271.0,4509.0,8780.0
2018-08-18,7856.0,6131.0,6490.0,12621.0
2018-08-19,7320.0,5075.0,5202.0,10277.0
2018-08-20,1315.0,2444.0,2583.0,5027.0
2018-08-21,1185.0,3167.0,3311.0,6478.0
2018-08-22,1501.0,3231.0,3380.0,6611.0
2018-08-23,520.0,1945.0,2020.0,3965.0
2018-08-24,480.0,1784.0,1875.0,3659.0
2018-08-25,10258.0,6400.0,6875.0,13275.0
2018-08-26,5426.0,4519.0,4627.0,9146.0
2018-08-27,549.0,1576.0,1766.0,3342.0
2018-08-28,644.0,2117.0,2237.0,4354.0
2018-08-29,4342.0,2103.0,2171.0,4274.0
2018-08-30,1066.0,2424.0,2571.0,4995.0
2018-08-31,2373.0,3628.0,3697.0,7325.0
2018-09-01,15182.0,7221.0,7641.0,14862.0
2018-09-02,15541.0,6229.0,6550.0,12779.0
2018-09-03,684.0,1557.0,1724.0,3281.0
2018-09-04,2211.0,3114.0,3301.0,6415.0
2018-09-05,2910.0,4192.0,4206.0,8398.0
2018-09-06,2383.0,3480.0,3689.0,7169.0
2018-09-07,3470.0,4372.0,4541.0,8913.0
2018-09-08,22103.0,9809.0,10248.0,20057.0
2018-09-09,23202.0,7547.0,7746.0,15293.0
2018-09-10,3329.0,3453.0,3580.0,7033.0
2018-09-11,3546.0,3658.0,3880.0,7538.0
2018-09-12,3032.0,3695.0,3798.0,7493.0
2018-09-13,3182.0,3616.0,3903.0,7519.0
2018-09-14,3111.0,3880.0,4116.0,7996.0
2018-09-15,10686.0,7745.0,8150.0,15895.0
2018-09-16,9048.0,6393.0,6495.0,12888.0
2018-09-17,3011.0,2923.0,3084.0,6007.0
2018-09-18,3310.0,3441.0,3796.0,7237.0
2018-09-19,7333.0,5620.0,5723.0,11343.0
2018-09-20,1696.0,3212.0,3394.0,6606.0
2018-09-21,741.0,5143.0,5285.0,10428.0
2018-09-22,14301.0,7047.0,7338.0,14385.0
2018-09-23,13065.0,5978.0,6003.0,11981.0
2018-09-24,19661.0,9213.0,9054.0,18267.0
2018-09-25,29558.0,13462.0,13545.0,27007.0
2018-09-26,21131.0,9575.0,9703.0,19278.0
2018-09-27,5153.0,5073.0,5250.0,10323.0
2018-09-28,5910.0,5838.0,6041.0,11879.0
2018-09-29,22289.0,10717.0,11239.0,21956.0
2018-09-30,19868.0,8459.0,8605.0,17064.0
2018-10-01,3207.0,3187.0,3353.0,6540.0
2018-10-02,4863.0,5915.0,6214.0,12129.0
2018-10-03,27449.0,11763.0,12217.0,23980.0
2018-10-04,4159.0,4809.0,5078.0,9887.0
2018-10-05,1426.0,4118.0,4146.0,8264.0
2018-10-06,1355.0,2546.0,2579.0,5125.0
2018-10-07,22060.0,9000.0,9219.0,18219.0
2018-10-08,11611.0,8034.0,8490.0,16524.0
2018-10-09,27514.0,12385.0,12793.0,25178.0
2018-10-10,3384.0,4206.0,4404.0,8610.0
2018-10-11,5071.0,5622.0,5862.0,11484.0
2018-10-12,8295.0,11173.0,11318.0,22491.0
2018-10-13,16641.0,10513.0,11220.0,21733.0
2018-10-14,17762.0,8002.0,8268.0,16270.0
2018-10-15,7580.0,3407.0,3548.0,6955.0
2018-10-16,4861.0,6178.0,6368.0,12546.0
2018-10-17,5903.0,5363.0,5608.0,10971.0
2018-10-18,5146.0,7431.0,7427.0,14858.0
2018-10-19,11385.0,13647.0,13749.0,27396.0
2018-10-20,22515.0,12729.0,13239.0,25968.0
2018-10-21,21366.0,9636.0,9972.0,19608.0
2018-10-22,4455.0,4493.0,4594.0,9087.0
2018-10-23,2405.0,4783.0,4926.0,9709.0
2018-10-24,5240.0,5664.0,5948.0,11612.0
2018-10-25,6662.0,7959.0,8060.0,16019.0
2018-10-26,14286.0,9398.0,9486.0,18884.0
2018-10-27,21561.0,12213.0,13015.0,25228.0
2018-10-28,4916.0,4996.0,5339.0,10335.0
2018-10-29,3342.0,4650.0,5332.0,9982.0
2018-10-30,3786.0,5414.0,5600.0,11014.0
2018-10-31,5730.0,4620.0,4913.0,9533.0
2018-11-01,3923.0,5234.0,5476.0,10710.0
2018-11-02,5152.0,6973.0,7092.0,14065.0
2018-11-03,16626.0,11167.0,11957.0,23124.0
2018-11-04,15903.0,9343.0,9472.0,18815.0
2018-11-05,2780.0,3617.0,3839.0,7456.0
2018-11-06,2108.0,3749.0,3950.0,7699.0
2018-11-07,1321.0,3915.0,4063.0,7978.0
2018-11-08,576.0,2168.0,2271.0,4439.0
2018-11-09,2922.0,5486.0,5782.0,11268.0
2018-11-10,6233.0,7113.0,7571.0,14684.0
2018-11-11,5204.0,5538.0,5760.0,11298.0
2018-11-12,2316.0,3233.0,3375.0,6608.0
2018-11-13,2244.0,3667.0,3858.0,7525.0
2018-11-14,2219.0,4009.0,4217.0,8226.0
2018-11-15,1911.0,4308.0,4485.0,8793.0
2018-11-16,1626.0,3667.0,3904.0,7571.0
2018-11-17,6659.0,6335.0,6728.0,13063.0
2018-11-18,6404.0,5292.0,5444.0,10736.0
2018-11-19,1383.0,2295.0,2456.0,4751.0
2018-11-20,1427.0,3477.0,3714.0,7191.0
2018-11-21,893.0,2520.0,2656.0,5176.0
2018-11-22,4964.0,3291.0,3418.0,6709.0
2018-11-23,1208.0,2887.0,3117.0,6004.0
2018-11-24,1404.0,3884.0,4052.0,7936.0
2018-11-25,3699.0,4902.0,5192.0,10094.0
2018-11-26,1169.0,2384.0,2502.0,4886.0
2018-11-27,923.0,3018.0,3183.0,6201.0
2018-11-28,895.0,3876.0,4026.0,7902.0
2018-11-29,8472.0,3797.0,3977.0,7774.0
2018-11-30,987.0,3604.0,3711.0,7315.0
2018-12-01,4005.0,4790.0,5127.0,9917.0
2018-12-02,3381.0,3989.0,4167.0,8156.0
2018-12-03,356.0,1544.0,1677.0,3221.0
2018-12-04,610.0,3457.0,3538.0,6995.0
2018-12-05,815.0,3318.0,3374.0,6692.0
2018-12-06,878.0,3630.0,3785.0,7415.0
2018-12-07,440.0,3916.0,3925.0,7841.0
2018-12-08,807.0,2865.0,3220.0,6085.0
2018-12-09,808.0,2370.0,2825.0,5195.0
2018-12-10,553.0,1650.0,1740.0,3390.0
2018-12-11,997.0,4286.0,4398.0,8684.0
2018-12-12,2089.0,4296.0,4353.0,8649.0
2018-12-13,854.0,4938.0,5125.0,10063.0
2018-12-14,456.0,3930.0,3976.0,7906.0
2018-12-15,1381.0,4029.0,4248.0,8277.0
2018-12-16,1134.0,2920.0,3175.0,6095.0
2018-12-17,656.0,1887.0,1954.0,3841.0
2018-12-18,861.0,4284.0,4524.0,8808.0
2018-12-19,809.0,3977.0,4184.0,8161.0
2018-12-20,876.0,4154.0,4224.0,8378.0
2018-12-21,1630.0,5096.0,5183.0,10279.0
2018-12-22,1982.0,4102.0,4381.0,8483.0
2018-12-23,2948.0,3944.0,4187.0,8131.0
2018-12-24,982.0,2403.0,2495.0,4898.0
2018-12-25,2402.0,4790.0,4865.0,9655.0
2018-12-26,752.0,3964.0,4079.0,8043.0
2018-12-27,3943.0,2500.0,2595.0,5095.0
2018-12-28,357.0,2964.0,2964.0,5928.0
2018-12-29,734.0,2948.0,3088.0,6036.0
2018-12-30,915.0,2874.0,2973.0,5847.0
2018-12-31,834.0,2226.0,2337.0,4563.0
2019-01-01,1524.0,1965.0,2052.0,4017.0
2019-01-02,634.0,2290.0,2424.0,4714.0
2019-01-03,777.0,3084.0,3239.0,6323.0
2019-01-04,690.0,2801.0,2893.0,5694.0
2019-01-05,1601.0,3621.0,4054.0,7675.0
2019-01-06,2057.0,3213.0,3448.0,6661.0
2019-01-07,773.0,1882.0,1989.0,3871.0
2019-01-08,804.0,2930.0,3103.0,6033.0
2019-01-09,529.0,2315.0,2405.0,4720.0
2019-01-10,839.0,2819.0,2961.0,5780.0
2019-01-11,814.0,2930.0,3024.0,5954.0
2019-01-12,1855.0,4261.0,4692.0,8953.0
2019-01-13,1680.0,3116.0,3384.0,6500.0
2019-01-14,433.0,1573.0,1611.0,3184.0
2019-01-15,493.0,2378.0,2479.0,4857.0
2019-01-16,674.0,2550.0,2694.0,5244.0
2019-01-17,1220.0,3086.0,3243.0,6329.0
2019-01-18,810.0,3298.0,3400.0,6698.0
2019-01-19,1738.0,4172.0,4379.0,8551.0
2019-01-20,2064.0,3296.0,3497.0,6793.0
2019-01-21,731.0,2017.0,2103.0,4120.0
2019-01-22,988.0,3015.0,3122.0,6137.0
2019-01-23,756.0,2685.0,2814.0,5499.0
2019-01-24,1010.0,2990.0,3128.0,6118.0
2019-01-25,882.0,3023.0,3110.0,6133.0
2019-01-26,2023.0,4971.0,5321.0,10292.0
2019-01-27,2391.0,4437.0,4643.0,9080.0
2019-01-28,703.0,1930.0,2048.0,3978.0
2019-01-29,938.0,2697.0,2880.0,5577.0
2019-01-30,716.0,2654.0,2726.0,5380.0
2019-01-31,1624.0,2397.0,2488.0,4885.0
2019-02-01,626.0,2207.0,2356.0,4563.0
2019-02-02,1630.0,3397.0,3734.0,7131.0
2019-02-03,405.0,1365.0,1438.0,2803.0
2019-02-04,2550.0,3347.0,3322.0,6669.0
2019-02-05,3855.0,3221.0,3115.0,6336.0
2019-02-06,4046.0,4169.0,4268.0,8437.0
2019-02-07,996.0,2324.0,2506.0,4830.0
2019-02-08,771.0,2457.0,2478.0,4935.0
2019-02-09,1771.0,4184.0,4444.0,8628.0
2019-02-10,1652.0,3325.0,3577.0,6902.0
2019-02-11,732.0,2121.0,2224.0,4345.0
2019-02-12,1041.0,3378.0,3471.0,6849.0
2019-02-13,917.0,2912.0,3061.0,5973.0
2019-02-14,1290.0,3135.0,3208.0,6343.0
2019-02-15,587.0,2416.0,2526.0,4942.0
2019-02-16,1889.0,4848.0,5024.0,9872.0
2019-02-17,2834.0,4109.0,4366.0,8475.0
2019-02-18,1084.0,2587.0,2729.0,5316.0
2019-02-19,514.0,2327.0,2380.0,4707.0
2019-02-20,832.0,3211.0,3392.0,6603.0
2019-02-21,998.0,3338.0,3471.0,6809.0
2019-02-22,1005.0,3489.0,3530.0,7019.0
2019-02-23,4086.0,6669.0,6901.0,13570.0
2019-02-24,7466.0,5650.0,5890.0,11540.0
2019-02-25,1428.0,2800.0,2903.0,5703.0
2019-02-26,2285.0,4376.0,4554.0,8930.0
2019-02-27,2595.0,4162.0,4405.0,8567.0
2019-02-28,2135.0,4305.0,4442.0,8747.0
2019-03-01,6264.0,6692.0,6960.0,13652.0
2019-03-02,5491.0,5756.0,6052.0,11808.0
2019-03-03,4393.0,4312.0,4355.0,8667.0
2019-03-04,822.0,1714.0,1834.0,3548.0
2019-03-05,649.0,2007.0,2140.0,4147.0
2019-03-06,513.0,1795.0,1894.0,3689.0
2019-03-07,1196.0,2420.0,2641.0,5061.0
2019-03-08,1622.0,2900.0,3025.0,5925.0
2019-03-09,17833.0,7111.0,7808.0,14919.0
2019-03-10,9254.0,4233.0,4346.0,8579.0
2019-03-11,1025.0,2072.0,2235.0,4307.0
2019-03-12,1326.0,2186.0,2359.0,4545.0
2019-03-13,1064.0,2303.0,2530.0,4833.0
2019-03-14,1351.0,2540.0,2770.0,5310.0
2019-03-15,963.0,2336.0,2447.0,4783.0
2019-03-16,8722.0,5915.0,6452.0,12367.0
2019-03-17,15718.0,6156.0,6512.0,12668.0
2019-03-18,1945.0,2453.0,2548.0,5001.0
2019-03-19,2077.0,3177.0,3431.0,6608.0
2019-03-20,759.0,2086.0,2280.0,4366.0
2019-03-21,1144.0,2277.0,2527.0,4804.0
2019-03-22,1477.0,3286.0,3430.0,6716.0
2019-03-23,3562.0,4781.0,5210.0,9991.0
2019-03-24,12787.0,5789.0,6116.0,11905.0
2019-03-25,1538.0,2362.0,2575.0,4937.0
2019-03-26,1744.0,3327.0,3478.0,6805.0
2019-03-27,1117.0,2846.0,2984.0,5830.0
2019-03-28,1665.0,2988.0,3183.0,6171.0
2019-03-29,2870.0,4532.0,4548.0,9080.0
2019-03-30,2452.0,4393.0,4758.0,9151.0
2019-03-31,4418.0,5042.0,5222.0,10264.0
2019-04-01,1876.0,2705.0,2790.0,5495.0
2019-04-02,2081.0,3850.0,4078.0,7928.0
2019-04-03,3957.0,4172.0,4543.0,8715.0
2019-04-04,3060.0,4231.0,4385.0,8616.0
2019-04-05,4100.0,6514.0,6673.0,13187.0
2019-04-06,11272.0,8491.0,9154.0,17645.0
2019-04-07,31924.0,14409.0,14554.0,28963.0
2019-04-08,5501.0,5702.0,5998.0,11700.0
2019-04-09,3029.0,4561.0,4812.0,9373.0
2019-04-10,2124.0,4204.0,4463.0,8667.0
2019-04-11,8577.0,7102.0,7488.0,14590.0
2019-04-12,9296.0,11344.0,11833.0,23177.0
2019-04-13,39200.0,29946.0,30929.0,60875.0
2019-04-14,5017.0,5918.0,5950.0,11868.0
2019-04-15,6556.0,7106.0,7256.0,14362.0
2019-04-16,6982.0,7745.0,8076.0,15821.0
2019-04-17,6040.0,6832.0,7013.0,13845.0
2019-04-18,4791.0,5385.0,5722.0,11107.0
2019-04-19,6494.0,6606.0,6836.0,13442.0
2019-04-20,29419.0,15813.0,16704.0,32517.0
2019-04-21,19874.0,9545.0,9911.0,19456.0
2019-04-22,4445.0,4195.0,4408.0,8603.0
2019-04-23,3905.0,4402.0,4488.0,8890.0
2019-04-24,3475.0,4898.0,5040.0,9938.0
2019-04-25,6869.0,3058.0,3245.0,6303.0
2019-04-26,3550.0,5377.0,5548.0,10925.0
2019-04-27,23777.0,16841.0,18514.0,35355.0
2019-04-28,17964.0,9972.0,10359.0,20331.0
2019-04-29,3283.0,3871.0,4069.0,7940.0
2019-04-30,6833.0,8526.0,8780.0,17306.0
2019-05-01,26327.0,14949.0,15345.0,30294.0
2019-05-02,6977.0,9184.0,9352.0,18536.0
2019-05-03,9589.0,12694.0,12884.0,25578.0
2019-05-04,17366.0,12016.0,12331.0,24347.0
2019-05-05,43255.0,16200.0,16193.0,32393.0
2019-05-06,31870.0,13954.0,14068.0,28022.0
2019-05-07,4534.0,5029.0,5202.0,10231.0
2019-05-08,3574.0,4939.0,4849.0,9788.0
2019-05-09,5572.0,5553.0,5784.0,11337.0
2019-05-10,7701.0,11340.0,11332.0,22672.0
2019-05-11,17093.0,11918.0,12410.0,24328.0
2019-05-12,17370.0,8554.0,8713.0,17267.0
2019-05-13,3194.0,3126.0,3253.0,6379.0
2019-05-14,6529.0,4680.0,4906.0,9586.0
2019-05-15,6094.0,7971.0,8052.0,16023.0
2019-05-16,5200.0,5451.0,5775.0,11226.0
2019-05-17,8945.0,14958.0,14799.0,29757.0
2019-05-18,16276.0,10950.0,11693.0,22643.0
2019-05-19,2666.0,3654.0,3642.0,7296.0
2019-05-20,3766.0,3477.0,3639.0,7116.0
2019-05-21,7521.0,5868.0,6102.0,11970.0
2019-05-22,6119.0,5015.0,5304.0,10319.0
2019-05-23,6060.0,5127.0,5247.0,10374.0
2019-05-24,7253.0,9912.0,9995.0,19907.0
2019-05-25,23240.0,13884.0,14716.0,28600.0
2019-05-26,25575.0,13134.0,13198.0,26332.0
2019-05-27,1162.0,1745.0,1857.0,3602.0
2019-05-28,9372.0,6423.0,6713.0,13136.0
2019-05-29,8026.0,6955.0,7187.0,14142.0
2019-05-30,19350.0,5965.0,6147.0,12112.0
2019-05-31,8759.0,8490.0,8705.0,17195.0
2019-06-01,26364.0,31842.0,37928.0,69770.0
2019-06-02,25449.0,20468.0,22838.0,43306.0
2019-06-03,6056.0,4640.0,4709.0,9349.0
2019-06-04,6528.0,6241.0,6425.0,12666.0
2019-06-05,6975.0,7895.0,8233.0,16128.0
2019-06-06,21962.0,11255.0,11976.0,23231.0
2019-06-07,2612.0,3557.0,3684.0,7241.0
2019-06-08,27175.0,12976.0,13817.0,26793.0
2019-06-09,15525.0,6735.0,6792.0,13527.0
2019-06-10,3073.0,2926.0,3055.0,5981.0
2019-06-11,4733.0,4435.0,4662.0,9097.0
2019-06-12,4792.0,4268.0,4496.0,8764.0
2019-06-13,3361.0,4032.0,4304.0,8336.0
2019-06-14,3441.0,5104.0,5272.0,10376.0
2019-06-15,12924.0,10229.0,10778.0,21007.0
2019-06-16,14680.0,6725.0,7092.0,13817.0
2019-06-17,3147.0,3063.0,3319.0,6382.0
2019-06-18,2085.0,3457.0,3507.0,6964.0
2019-06-19,2212.0,3423.0,3661.0,7084.0
2019-06-20,3271.0,3998.0,4195.0,8193.0
2019-06-21,2457.0,3859.0,4068.0,7927.0
2019-06-22,12601.0,8238.0,8822.0,17060.0
2019-06-23,11289.0,6738.0,7017.0,13755.0
2019-06-24,2921.0,2889.0,3035.0,5924.0
2019-06-25,2038.0,3731.0,3974.0,7705.0
2019-06-26,1954.0,3197.0,3320.0,6517.0
2019-06-27,1587.0,3098.0,3273.0,6371.0
2019-06-28,17126.0,3554.0,3729.0,7283.0
2019-06-29,4743.0,4657.0,5051.0,9708.0
2019-06-30,9422.0,6350.0,6681.0,13031.0
2019-07-01,2026.0,2896.0,3030.0,5926.0
2019-07-02,2076.0,4821.0,4996.0,9817.0
2019-07-03,1546.0,3984.0,4102.0,8086.0
2019-07-04,1671.0,4490.0,4620.0,9110.0
2019-07-05,1344.0,4916.0,5171.0,10087.0
2019-07-06,3647.0,5714.0,6160.0,11874.0
2019-07-07,4107.0,4684.0,4775.0,9459.0
2019-07-08,1440.0,2680.0,2827.0,5507.0
2019-07-09,1778.0,3439.0,3665.0,7104.0
2019-07-10,1412.0,3572.0,3751.0,7323.0
2019-07-11,1100.0,2956.0,3096.0,6052.0
2019-07-12,2070.0,4474.0,4620.0,9094.0
2019-07-13,7214.0,6298.0,6838.0,13136.0
2019-07-14,6264.0,5423.0,5547.0,10970.0
2019-07-15,1060.0,2281.0,2412.0,4693.0
2019-07-16,1684.0,3247.0,3400.0,6647.0
2019-07-17,1339.0,3510.0,3601.0,7111.0
2019-07-18,2643.0,3341.0,3539.0,6880.0
2019-07-19,1355.0,3891.0,4029.0,7920.0
2019-07-20,2468.0,4115.0,4348.0,8463.0
2019-07-21,2912.0,3996.0,3978.0,7974.0
2019-07-22,1429.0,2791.0,2860.0,5651.0
2019-07-23,1370.0,3486.0,3636.0,7122.0
2019-07-24,765.0,2778.0,2853.0,5631.0
2019-07-25,630.0,2568.0,2637.0,5205.0
2019-07-26,12704.0,1936.0,1995.0,3931.0
2019-07-27,2834.0,3628.0,3089.0,6717.0
2019-07-28,1144.0,2808.0,2827.0,5635.0
2019-07-29,2921.0,3365.0,3581.0,6946.0
2019-07-30,2230.0,5096.0,5347.0,10443.0
2019-07-31,724.0,3105.0,3101.0,6206.0
2019-08-01,3038.0,4945.0,5359.0,10304.0
2019-08-02,2886.0,5530.0,5759.0,11289.0
2019-08-03,2685.0,5249.0,5543.0,10792.0
2019-08-04,2468.0,4405.0,4387.0,8792.0
2019-08-05,1053.0,2425.0,2574.0,4999.0
2019-08-06,7204.0,3402.0,3533.0,6935.0
2019-08-07,1197.0,2936.0,3033.0,5969.0
2019-08-08,1250.0,3762.0,3959.0,7721.0
2019-08-09,886.0,3768.0,3973.0,7741.0
2019-08-10,1785.0,4564.0,4804.0,9368.0
2019-08-11,2657.0,4453.0,4469.0,8922.0
2019-08-12,428.0,1299.0,1402.0,2701.0
2019-08-13,1185.0,4076.0,4093.0,8169.0
2019-08-14,872.0,3534.0,3664.0,7198.0
2019-08-15,1120.0,3706.0,3809.0,7515.0
2019-08-16,3587.0,3871.0,4028.0,7899.0
2019-08-17,5430.0,5858.0,6214.0,12072.0
2019-08-18,7670.0,5696.0,5741.0,11437.0
2019-08-19,1854.0,2732.0,2863.0,5595.0
2019-08-20,1430.0,3634.0,3848.0,7482.0
2019-08-21,1328.0,3453.0,3531.0,6984.0
2019-08-22,1190.0,3465.0,3619.0,7084.0
2019-08-23,1863.0,3766.0,3933.0,7699.0
2019-08-24,10784.0,7060.0,7576.0,14636.0
2019-08-25,11007.0,6405.0,6491.0,12896.0
2019-08-26,1821.0,2869.0,2985.0,5854.0
2019-08-27,1711.0,3300.0,3457.0,6757.0
2019-08-28,1679.0,3264.0,3529.0,6793.0
2019-08-29,5198.0,2600.0,2730.0,5330.0
2019-08-30,2304.0,4373.0,4579.0,8952.0
2019-08-31,15428.0,18627.0,22394.0,41021.0
2019-09-01,14422.0,14383.0,17408.0,31791.0
2019-09-02,1994.0,2700.0,2788.0,5488.0
2019-09-03,1790.0,3081.0,3312.0,6393.0
2019-09-04,460.0,2394.0,2440.0,4834.0
2019-09-05,764.0,2212.0,2383.0,4595.0
2019-09-06,998.0,2923.0,2947.0,5870.0
2019-09-08,6033.0,4364.0,4440.0,8804.0
2019-09-09,925.0,1855.0,1968.0,3823.0
2019-09-10,987.0,2412.0,2491.0,4903.0
2019-09-11,1770.0,2713.0,2957.0,5670.0
2019-09-12,5460.0,3788.0,3876.0,7664.0
2019-09-13,19822.0,8758.0,8518.0,17276.0
2019-09-14,16120.0,8591.0,8606.0,17197.0
2019-09-15,14186.0,6603.0,6836.0,13439.0
2019-09-16,3182.0,3064.0,3191.0,6255.0
2019-09-17,2611.0,3548.0,3710.0,7258.0
2019-09-18,3172.0,3884.0,4067.0,7951.0
2019-09-19,3431.0,3646.0,3876.0,7522.0
2019-09-20,4563.0,3994.0,4145.0,8139.0
2019-09-21,10127.0,7613.0,8203.0,15816.0
2019-09-22,1126.0,2385.0,2436.0,4821.0
2019-09-23,2999.0,3665.0,3764.0,7429.0
2019-09-24,4136.0,5123.0,5327.0,10450.0
2019-09-25,3948.0,4538.0,4712.0,9250.0
2019-09-26,11123.0,4156.0,4463.0,8619.0
2019-09-27,4624.0,6127.0,6337.0,12464.0
2019-09-28,22637.0,21721.0,23517.0,45238.0
2019-09-29,18965.0,8530.0,8521.0,17051.0
2019-09-30,4098.0,3530.0,3648.0,7178.0
2019-10-01,3496.0,5557.0,5654.0,11211.0
2019-10-02,2251.0,5305.0,5283.0,10588.0
2019-10-03,15337.0,6292.0,6468.0,12760.0
2019-10-04,11882.0,10141.0,10388.0,20529.0
2019-10-05,16368.0,9169.0,9665.0,18834.0
2019-10-06,19596.0,7359.0,7496.0,14855.0
2019-10-07,453.0,1415.0,1516.0,2931.0
2019-10-08,6765.0,6224.0,6348.0,12572.0
2019-10-09,25533.0,11394.0,12095.0,23489.0
2019-10-10,4152.0,4462.0,4647.0,9109.0
2019-10-11,6444.0,8668.0,8660.0,17328.0
2019-10-12,18065.0,10608.0,11167.0,21775.0
2019-10-13,18452.0,7769.0,7977.0,15746.0
2019-10-14,3421.0,4004.0,4051.0,8055.0
2019-10-15,4828.0,5537.0,5783.0,11320.0
2019-10-16,4625.0,5798.0,5829.0,11627.0
2019-10-17,7092.0,7085.0,7041.0,14126.0
2019-10-18,8745.0,13446.0,13588.0,27034.0
2019-10-19,19166.0,10789.0,11293.0,22082.0
2019-10-20,16154.0,7781.0,7876.0,15657.0
2019-10-21,4135.0,3526.0,3710.0,7236.0
2019-10-22,4520.0,5629.0,5817.0,11446.0
2019-10-23,5540.0,6591.0,6797.0,13388.0
2019-10-24,4341.0,5948.0,6115.0,12063.0
2019-10-25,8133.0,14090.0,15442.0,29532.0
2019-10-26,17609.0,16075.0,18394.0,34469.0
2019-10-27,16692.0,9338.0,9604.0,18942.0
2019-10-28,3318.0,3409.0,3544.0,6953.0
2019-10-29,3791.0,4775.0,4991.0,9766.0
2019-10-30,12945.0,4880.0,5094.0,9974.0
2019-10-31,4014.0,4926.0,5373.0,10299.0
2019-11-01,3458.0,7000.0,6993.0,13993.0
2019-11-02,14026.0,10146.0,10869.0,21015.0
2019-11-03,11948.0,7914.0,8112.0,16026.0
2019-11-04,3977.0,4398.0,4537.0,8935.0
2019-11-05,3444.0,5378.0,5469.0,10847.0
2019-11-06,3086.0,4276.0,4455.0,8731.0
2019-11-07,3573.0,4598.0,4898.0,9496.0
2019-11-08,4592.0,5747.0,6236.0,11983.0
2019-11-09,12385.0,9663.0,10162.0,19825.0
2019-11-10,9306.0,6385.0,6654.0,13039.0
2019-11-11,2244.0,2895.0,2982.0,5877.0
2019-11-12,2867.0,4522.0,4704.0,9226.0
2019-11-13,1080.0,2678.0,2906.0,5584.0
2019-11-14,3890.0,3371.0,3526.0,6897.0
2019-11-15,618.0,2837.0,3042.0,5879.0
2019-11-16,6239.0,6535.0,7086.0,13621.0
2019-11-17,1062.0,2461.0,2562.0,5023.0
2019-11-18,893.0,1897.0,2016.0,3913.0
2019-11-19,2984.0,2565.0,2737.0,5302.0
2019-11-20,1030.0,2816.0,2910.0,5726.0
2019-11-21,1160.0,2765.0,2984.0,5749.0
2019-11-22,1700.0,3656.0,3991.0,7647.0
2019-11-23,7841.0,6582.0,6956.0,13538.0
2019-11-24,3749.0,3746.0,3877.0,7623.0
2019-11-25,922.0,2152.0,2247.0,4399.0
2019-11-26,1377.0,3640.0,3716.0,7356.0
2019-11-27,1223.0,3383.0,3541.0,6924.0
2019-11-28,1041.0,3112.0,3266.0,6378.0
2019-11-29,18132.0,4211.0,4301.0,8512.0
2019-11-30,3727.0,4777.0,5150.0,9927.0
2019-12-01,836.0,1899.0,2036.0,3935.0
2019-12-02,813.0,2232.0,2322.0,4554.0
2019-12-03,696.0,3554.0,3635.0,7189.0
2019-12-04,790.0,2654.0,2776.0,5430.0
2019-12-05,705.0,2180.0,2342.0,4522.0
2019-12-06,407.0,2244.0,2310.0,4554.0
2019-12-07,1326.0,3141.0,3451.0,6592.0
2019-12-08,2122.0,3208.0,3520.0,6728.0
2019-12-09,621.0,1918.0,2019.0,3937.0
2019-12-10,708.0,4878.0,4989.0,9867.0
2019-12-11,645.0,6136.0,6069.0,12205.0
2019-12-12,1153.0,3913.0,4038.0,7951.0
2019-12-13,749.0,3424.0,3486.0,6910.0
2019-12-14,2182.0,4240.0,4706.0,8946.0
2019-12-15,3487.0,3917.0,4148.0,8065.0
2019-12-16,1084.0,2204.0,2382.0,4586.0
2019-12-17,473.0,3598.0,3642.0,7240.0
2019-12-18,1578.0,3513.0,3651.0,7164.0
2019-12-19,779.0,3621.0,3703.0,7324.0
2019-12-20,725.0,4047.0,4186.0,8233.0
2019-12-21,1661.0,3889.0,4155.0,8044.0
2019-12-22,1967.0,3274.0,3402.0,6676.0
2019-12-23,699.0,1949.0,2114.0,4063.0
2019-12-24,959.0,4130.0,4260.0,8390.0
2019-12-25,2858.0,4696.0,4844.0,9540.0
2019-12-26,548.0,2404.0,2482.0,4886.0
2019-12-27,1302.0,3430.0,3583.0,7013.0
2019-12-28,2110.0,4843.0,5194.0,10037.0
2019-12-29,6913.0,3439.0,3582.0,7021.0
2019-12-30,863.0,2166.0,2277.0,4443.0
2019-12-31,548.0,2293.0,2409.0,4702.0
2020-01-01,1239.0,1769.0,1797.0,3566.0
2020-01-02,866.0,2956.0,3116.0,6072.0
2020-01-03,812.0,2619.0,2703.0,5322.0
2020-01-04,2059.0,4370.0,4785.0,9155.0
2020-01-05,2721.0,3877.0,4055.0,7932.0
2020-01-06,466.0,1449.0,1579.0,3028.0
2020-01-07,281.0,1620.0,1717.0,3337.0
2020-01-08,622.0,2283.0,2387.0,4670.0
2020-01-09,1282.0,2839.0,2973.0,5812.0
2020-01-10,786.0,2680.0,2816.0,5496.0
2020-01-11,1961.0,4091.0,4405.0,8496.0
2020-01-12,2180.0,3702.0,3928.0,7630.0
2020-01-13,732.0,1963.0,2096.0,4059.0
2020-01-14,895.0,3006.0,3129.0,6135.0
2020-01-15,857.0,2637.0,2755.0,5392.0
2020-01-16,762.0,2789.0,2958.0,5747.0
2020-01-17,674.0,2895.0,2962.0,5857.0
2020-01-18,2425.0,5044.0,5384.0,10428.0
2020-01-19,1539.0,3085.0,3255.0,6340.0
2020-01-20,761.0,2045.0,2103.0,4148.0
2020-01-21,763.0,2672.0,2827.0,5499.0
2020-01-22,780.0,2466.0,2581.0,5047.0
2020-01-23,809.0,2400.0,2575.0,4975.0
2020-01-24,2041.0,2763.0,2830.0,5593.0
2020-01-25,3800.0,3440.0,3359.0,6799.0
2020-01-26,4597.0,4374.0,4495.0,8869.0
2020-01-27,2236.0,3040.0,3120.0,6160.0
2020-01-28,925.0,2052.0,2177.0,4229.0
2020-01-29,757.0,2468.0,2652.0,5120.0
2020-01-30,2013.0,2443.0,2550.0,4993.0
2020-01-31,628.0,2235.0,2322.0,4557.0
2020-02-01,1251.0,2761.0,2916.0,5677.0
2020-02-02,1142.0,2424.0,2545.0,4969.0
2020-02-03,521.0,1603.0,1711.0,3314.0
2020-02-04,480.0,1799.0,1950.0,3749.0
2020-02-05,301.0,1413.0,1490.0,2903.0
2020-02-06,343.0,1563.0,1657.0,3220.0
2020-02-07,415.0,1736.0,1793.0,3529.0
2020-02-08,1313.0,2369.0,2405.0,4774.0
2020-02-09,1484.0,2212.0,2227.0,4439.0
2020-02-10,760.0,1632.0,1784.0,3416.0
2020-02-11,987.0,2408.0,2510.0,4918.0
2020-02-12,278.0,1489.0,1593.0,3082.0
2020-02-13,721.0,2096.0,2201.0,4297.0
2020-02-14,1049.0,2573.0,2699.0,5272.0
2020-02-15,3226.0,3309.0,3563.0,6872.0
2020-02-16,665.0,1922.0,1988.0,3910.0
2020-02-17,378.0,1366.0,1477.0,2843.0
2020-02-18,630.0,2060.0,2225.0,4285.0
2020-02-19,822.0,2254.0,2460.0,4714.0
2020-02-20,882.0,2331.0,2424.0,4755.0
2020-02-21,565.0,1815.0,1879.0,3694.0
2020-02-22,791.0,1730.0,1821.0,3551.0
2020-02-23,1714.0,1650.0,1772.0,3422.0
2020-02-24,519.0,1235.0,1302.0,2537.0
2020-02-25,77.0,885.0,964.0,1849.0
2020-02-26,1275.0,1257.0,1346.0,2603.0
2020-02-27,687.0,1211.0,1307.0,2518.0
2020-02-28,1210.0,872.0,906.0,1778.0
2020-02-29,1384.0,1286.0,1402.0,2688.0
2020-03-01,1062.0,1028.0,1146.0,2174.0
2020-03-02,566.0,1102.0,1166.0,2268.0
2020-03-03,569.0,1189.0,1286.0,2475.0
2020-03-04,372.0,1017.0,1092.0,2109.0
2020-03-05,585.0,1105.0,1170.0,2275.0
2020-03-06,793.0,1216.0,1300.0,2516.0
2020-03-07,2138.0,1453.0,1660.0,3113.0
2020-03-08,4584.0,1855.0,2022.0,3877.0
2020-03-09,920.0,1309.0,1421.0,2730.0
2020-03-10,134.0,793.0,920.0,1713.0
2020-03-11,1117.0,1328.0,1419.0,2747.0
2020-03-12,1212.0,1286.0,1423.0,2709.0
2020-03-13,907.0,1249.0,1274.0,2523.0
2020-03-14,3569.0,1738.0,1966.0,3704.0
2020-03-15,2683.0,1306.0,1497.0,2803.0
2020-03-16,869.0,1185.0,1281.0,2466.0
2020-03-17,596.0,1109.0,1175.0,2284.0
2020-03-18,1808.0,1600.0,1688.0,3288.0
2020-03-19,178.0,872.0,964.0,1836.0
2020-03-20,1569.0,1559.0,1614.0,3173.0
2020-03-21,5907.0,2264.0,2458.0,4722.0
2020-03-22,7744.0,2230.0,2493.0,4723.0
2020-03-23,1814.0,1537.0,1675.0,3212.0
2020-03-24,1988.0,1693.0,1843.0,3536.0
2020-03-25,1998.0,1806.0,1893.0,3699.0
2020-03-26,1218.0,1331.0,1431.0,2762.0
2020-03-27,1462.0,1532.0,1652.0,3184.0
2020-03-28,6187.0,2529.0,2810.0,5339.0
2020-03-29,8822.0,2780.0,2830.0,5610.0
2020-03-30,2259.0,1840.0,1985.0,3825.0
2020-03-31,2794.0,2037.0,2166.0,4203.0
2020-04-01,2319.0,2067.0,2147.0,4214.0
2020-04-02,3075.0,2513.0,2627.0,5140.0
2020-04-03,3217.0,2734.0,2899.0,5633.0
2020-04-04,7813.0,4627.0,4855.0,9482.0
2020-04-05,7693.0,3697.0,3968.0,7665.0
2020-04-06,2561.0,2428.0,2557.0,4985.0
2020-04-07,2433.0,2585.0,2768.0,5353.0
2020-04-08,2634.0,2630.0,2789.0,5419.0
2020-04-09,2197.0,2368.0,2508.0,4876.0
2020-04-10,2567.0,2397.0,2555.0,4952.0
2020-04-11,6481.0,3559.0,3890.0,7449.0
2020-04-12,5717.0,2645.0,2988.0,5633.0
2020-04-13,2404.0,2103.0,2232.0,4335.0
2020-04-14,3468.0,2381.0,2345.0,4726.0
2020-04-15,7392.0,3078.0,3080.0,6158.0
2020-04-16,2648.0,2234.0,2384.0,4618.0
2020-04-17,222.0,988.0,1032.0,2020.0
2020-04-18,10325.0,3762.0,4312.0,8074.0
2020-04-19,2892.0,1871.0,2109.0,3980.0
2020-04-20,719.0,1429.0,1545.0,2974.0
2020-04-21,1039.0,1899.0,2006.0,3905.0
2020-04-22,499.0,1326.0,1473.0,2799.0
2020-04-23,3011.0,1721.0,1874.0,3595.0
2020-04-24,1572.0,1800.0,2006.0,3806.0
2020-04-25,7857.0,3300.0,3796.0,7096.0
2020-04-26,12018.0,3466.0,3736.0,7202.0
2020-04-27,2268.0,2065.0,2176.0,4241.0
2020-04-28,2980.0,2537.0,2646.0,5183.0
2020-04-29,4256.0,2414.0,2536.0,4950.0
2020-04-30,16598.0,5021.0,5335.0,10356.0
2020-05-01,15733.0,4599.0,4804.0,9403.0
2020-05-02,13597.0,4610.0,4942.0,9552.0
2020-05-03,10559.0,3709.0,3830.0,7539.0
2020-05-04,10000.0,3509.0,3644.0,7153.0
2020-05-05,25907.0,5365.0,5617.0,10982.0
2020-05-06,3458.0,2925.0,3089.0,6014.0
2020-05-07,3846.0,3053.0,3207.0,6260.0
2020-05-08,2263.0,2479.0,2617.0,5096.0
2020-05-09,521.0,1219.0,1313.0,2532.0
2020-05-10,6871.0,3605.0,3977.0,7582.0
2020-05-11,1814.0,2240.0,2303.0,4543.0
2020-05-12,1787.0,2427.0,2606.0,5033.0
2020-05-13,2644.0,2773.0,2938.0,5711.0
2020-05-14,2399.0,2692.0,2848.0,5540.0
2020-05-15,222.0,1215.0,1317.0,2532.0
2020-05-16,4834.0,3158.0,3561.0,6719.0
2020-05-17,8875.0,3762.0,4131.0,7893.0
2020-05-18,933.0,1523.0,1625.0,3148.0
2020-05-19,608.0,1530.0,1621.0,3151.0
2020-05-20,2859.0,3049.0,3269.0,6318.0
2020-05-21,3040.0,3108.0,3215.0,6323.0
2020-05-22,2567.0,2718.0,2915.0,5633.0
2020-05-23,12038.0,5379.0,6041.0,11420.0
2020-05-24,5990.0,2855.0,2992.0,5847.0
2020-05-25,2649.0,2395.0,2574.0,4969.0
2020-05-26,2091.0,2765.0,2946.0,5711.0
2020-05-27,7943.0,3125.0,3359.0,6484.0
2020-05-28,2829.0,3168.0,3378.0,6546.0
2020-05-29,2511.0,2808.0,3016.0,5824.0
2020-05-30,8157.0,4113.0,4663.0,8776.0
2020-05-31,7746.0,3552.0,3846.0,7398.0
2020-06-01,2419.0,2274.0,2365.0,4639.0
2020-06-02,758.0,1753.0,1855.0,3608.0
2020-06-03,1887.0,2404.0,2607.0,5011.0
2020-06-04,1942.0,2472.0,2615.0,5087.0
2020-06-05,2268.0,2431.0,2668.0,5099.0
2020-06-06,9246.0,4073.0,4520.0,8593.0
2020-06-07,8306.0,3439.0,3568.0,7007.0
2020-06-08,1799.0,2112.0,2223.0,4335.0
2020-06-09,1584.0,2217.0,2302.0,4519.0
2020-06-10,1546.0,2174.0,2298.0,4472.0
2020-06-11,1565.0,1990.0,2178.0,4168.0
2020-06-12,1819.0,2063.0,2239.0,4302.0
2020-06-13,4621.0,2745.0,3165.0,5910.0
2020-06-14,6533.0,2956.0,3273.0,6229.0
2020-06-15,1793.0,2098.0,2194.0,4292.0
2020-06-16,1702.0,2325.0,2516.0,4841.0
2020-06-17,1693.0,2224.0,2317.0,4541.0
2020-06-18,3264.0,2433.0,2562.0,4995.0
2020-06-19,1826.0,2304.0,2405.0,4709.0
2020-06-20,6019.0,3628.0,4058.0,7686.0
2020-06-21,5512.0,2866.0,3227.0,6093.0
2020-06-22,975.0,1802.0,1892.0,3694.0
2020-06-23,1341.0,2321.0,2472.0,4793.0
2020-06-24,259.0,1150.0,1252.0,2402.0
2020-06-25,767.0,1543.0,1684.0,3227.0
2020-06-26,9415.0,1950.0,2204.0,4154.0
2020-06-27,6844.0,3373.0,3761.0,7134.0
2020-06-28,6639.0,3172.0,3512.0,6684.0
2020-06-29,1703.0,1742.0,1904.0,3646.0
2020-06-30,658.0,1424.0,1516.0,2940.0
2020-07-01,1726.0,2274.0,2430.0,4704.0
2020-07-02,1617.0,2350.0,2517.0,4867.0
2020-07-03,1699.0,2475.0,2583.0,5058.0
2020-07-04,7165.0,3342.0,3722.0,7064.0
2020-07-05,7115.0,2998.0,3303.0,6301.0
2020-07-06,1361.0,1978.0,2043.0,4021.0
2020-07-07,1566.0,2254.0,2458.0,4712.0
2020-07-08,1283.0,2234.0,2364.0,4598.0
2020-07-09,1276.0,2136.0,2280.0,4416.0
2020-07-10,1563.0,1582.0,1751.0,3333.0
2020-07-11,6522.0,3361.0,3675.0,7036.0
2020-07-12,6632.0,2833.0,3101.0,5934.0
2020-07-13,166.0,1023.0,1110.0,2133.0
2020-07-14,1600.0,2072.0,2192.0,4264.0
2020-07-15,1945.0,2389.0,2551.0,4940.0
2020-07-16,1505.0,2345.0,2470.0,4815.0
2020-07-17,1382.0,2276.0,2402.0,4678.0
2020-07-18,6974.0,3804.0,4295.0,8099.0
2020-07-19,1990.0,1267.0,1343.0,2610.0
2020-07-20,777.0,1476.0,1576.0,3052.0
2020-07-21,1683.0,2437.0,2552.0,4989.0
2020-07-22,625.0,1628.0,1722.0,3350.0
2020-07-23,341.0,1399.0,1502.0,2901.0
2020-07-24,773.0,1881.0,1981.0,3862.0
2020-07-25,8869.0,3926.0,3918.0,7844.0
2020-07-26,8223.0,3202.0,3338.0,6540.0
2020-07-27,887.0,1460.0,1456.0,2916.0
2020-07-28,1343.0,2079.0,2218.0,4297.0
2020-07-29,4484.0,1557.0,1671.0,3228.0
2020-07-30,1977.0,2286.0,2473.0,4759.0
2020-07-31,2922.0,2851.0,3097.0,5948.0
2020-08-01,1751.0,2138.0,2305.0,4443.0
2020-08-02,744.0,1473.0,1463.0,2936.0
2020-08-03,324.0,1121.0,1170.0,2291.0
2020-08-04,1248.0,1860.0,1979.0,3839.0
2020-08-05,707.0,1677.0,1739.0,3416.0
2020-08-06,858.0,1752.0,1821.0,3573.0
2020-08-07,2138.0,2328.0,2458.0,4786.0
2020-08-08,2916.0,2531.0,2791.0,5322.0
2020-08-09,250.0,1028.0,1054.0,2082.0
2020-08-10,775.0,1404.0,1497.0,2901.0
2020-08-11,688.0,1753.0,1856.0,3609.0
2020-08-12,2017.0,2699.0,2974.0,5673.0
2020-08-13,1547.0,2455.0,2601.0,5056.0
2020-08-14,953.0,2015.0,2146.0,4161.0
2020-08-15,1162.0,1647.0,1685.0,3332.0
2020-08-16,6705.0,2885.0,3052.0,5937.0
2020-08-17,3880.0,2436.0,2590.0,5026.0
2020-08-18,801.0,1769.0,1897.0,3666.0
2020-08-19,1599.0,1549.0,1614.0,3163.0
2020-08-20,556.0,1431.0,1480.0,2911.0
2020-08-21,507.0,1299.0,1399.0,2698.0
2020-08-22,976.0,1453.0,1628.0,3081.0
2020-08-23,1923.0,1642.0,1792.0,3434.0
2020-08-24,571.0,1288.0,1419.0,2707.0
2020-08-25,504.0,1287.0,1370.0,2657.0
2020-08-26,445.0,1268.0,1380.0,2648.0
2020-08-27,323.0,989.0,1069.0,2058.0
2020-08-28,439.0,1143.0,1228.0,2371.0
2020-08-29,756.0,1258.0,1384.0,2642.0
2020-08-30,1491.0,1283.0,1417.0,2700.0
2020-08-31,757.0,1292.0,1329.0,2621.0
2020-09-01,910.0,1369.0,1426.0,2795.0
2020-09-02,265.0,968.0,1042.0,2010.0
2020-09-03,4967.0,1183.0,1243.0,2426.0
2020-09-04,1984.0,1722.0,1860.0,3582.0
2020-09-05,4480.0,2179.0,2442.0,4621.0
2020-09-06,3416.0,1677.0,1767.0,3444.0
2020-09-07,76.0,707.0,813.0,1520.0
2020-09-08,2201.0,1711.0,1801.0,3512.0
2020-09-09,1003.0,1427.0,1517.0,2944.0
2020-09-10,2243.0,1803.0,1886.0,3689.0
2020-09-11,1557.0,1688.0,1781.0,3469.0
2020-09-12,2947.0,1776.0,1983.0,3759.0
2020-09-13,12859.0,2850.0,3087.0,5937.0
2020-09-14,2085.0,1739.0,1870.0,3609.0
2020-09-15,2066.0,1909.0,2039.0,3948.0
2020-09-16,820.0,1518.0,1599.0,3117.0
2020-09-17,1990.0,2026.0,2156.0,4182.0
2020-09-18,3086.0,2283.0,2469.0,4752.0
2020-09-19,12178.0,3714.0,3982.0,7696.0
2020-09-20,13140.0,3459.0,3591.0,7050.0
2020-09-21,2247.0,2039.0,2107.0,4146.0
2020-09-22,2214.0,2328.0,2442.0,4770.0
2020-09-23,2052.0,2031.0,2170.0,4201.0
2020-09-24,2298.0,2222.0,2340.0,4562.0
2020-09-25,2335.0,2238.0,2418.0,4656.0
2020-09-26,13447.0,3956.0,4343.0,8299.0
2020-09-27,16860.0,3656.0,3781.0,7437.0
2020-09-28,2594.0,2041.0,2152.0,4193.0
2020-09-29,2608.0,2282.0,2419.0,4701.0
2020-09-30,8986.0,2784.0,2961.0,5745.0
2020-10-01,12365.0,3369.0,3371.0,6740.0
2020-10-02,14323.0,4428.0,4539.0,8967.0
2020-10-03,17995.0,5655.0,6026.0,11681.0
2020-10-04,12932.0,4200.0,4388.0,8588.0
2020-10-05,2634.0,2239.0,2353.0,4592.0
2020-10-06,2407.0,2493.0,2630.0,5123.0
2020-10-07,2600.0,2578.0,2734.0,5312.0
2020-10-08,3057.0,2896.0,3081.0,5977.0
2020-10-09,20177.0,5838.0,6248.0,12086.0
2020-10-10,16405.0,5313.0,5752.0,11065.0
2020-10-11,16264.0,4611.0,4785.0,9396.0
2020-10-12,2757.0,2566.0,2585.0,5151.0
2020-10-13,2857.0,2954.0,3022.0,5976.0
2020-10-14,2933.0,2870.0,3000.0,5870.0
2020-10-15,4093.0,2981.0,3115.0,6096.0
2020-10-16,2772.0,3116.0,3353.0,6469.0
2020-10-17,16441.0,6076.0,6479.0,12555.0
2020-10-18,19461.0,5369.0,5662.0,11031.0
2020-10-19,3141.0,2488.0,2570.0,5058.0
2020-10-20,3559.0,3351.0,3517.0,6868.0
2020-10-21,3093.0,2914.0,3001.0,5915.0
2020-10-22,2704.0,3009.0,3216.0,6225.0
2020-10-23,4009.0,3753.0,3968.0,7721.0
2020-10-24,16500.0,6713.0,7270.0,13983.0
2020-10-25,19042.0,6262.0,6552.0,12814.0
2020-10-26,4035.0,3346.0,3404.0,6750.0
2020-10-27,3842.0,3768.0,3946.0,7714.0
2020-10-28,11655.0,3866.0,4001.0,7867.0
2020-10-29,4267.0,4163.0,4322.0,8485.0
2020-10-30,4856.0,4472.0,4794.0,9266.0
2020-10-31,20185.0,9504.0,10078.0,19582.0
2020-11-01,2763.0,2759.0,2860.0,5619.0
2020-11-02,3832.0,3383.0,3493.0,6876.0
2020-11-03,2520.0,3395.0,3568.0,6963.0
2020-11-04,2146.0,3045.0,3274.0,6319.0
2020-11-05,3091.0,3617.0,3757.0,7374.0
2020-11-06,2812.0,3336.0,3501.0,6837.0
2020-11-07,12821.0,6964.0,7450.0,14414.0
2020-11-08,14694.0,5894.0,6151.0,12045.0
2020-11-09,1919.0,2379.0,2511.0,4890.0
2020-11-10,2248.0,3139.0,3292.0,6431.0
2020-11-11,2747.0,3312.0,3528.0,6840.0
2020-11-12,2673.0,3491.0,3605.0,7096.0
2020-11-13,3375.0,3006.0,3119.0,6125.0
2020-11-14,9802.0,5297.0,5783.0,11080.0
2020-11-15,9447.0,4347.0,4640.0,8987.0
2020-11-16,1811.0,2312.0,2421.0,4733.0
2020-11-17,1685.0,2542.0,2683.0,5225.0
2020-11-18,809.0,1848.0,1966.0,3814.0
2020-11-19,256.0,1223.0,1298.0,2521.0
2020-11-20,976.0,1989.0,2157.0,4146.0
2020-11-21,4101.0,3220.0,3556.0,6776.0
2020-11-22,2557.0,1803.0,1933.0,3736.0
2020-11-23,762.0,1501.0,1662.0,3163.0
2020-11-24,819.0,1825.0,1939.0,3764.0
2020-11-25,911.0,1816.0,1909.0,3725.0
2020-11-26,10031.0,1894.0,1985.0,3879.0
2020-11-27,784.0,1645.0,1724.0,3369.0
2020-11-28,1651.0,1932.0,2141.0,4073.0
2020-11-29,9912.0,1652.0,1767.0,3419.0
2020-11-30,576.0,1324.0,1432.0,2756.0
2020-12-01,727.0,1568.0,1659.0,3227.0
2020-12-02,628.0,1508.0,1594.0,3102.0
2020-12-03,614.0,1583.0,1702.0,3285.0
2020-12-04,678.0,1466.0,1548.0,3014.0
2020-12-05,1701.0,1850.0,2028.0,3878.0
2020-12-06,2385.0,1898.0,2019.0,3917.0
2020-12-07,928.0,1309.0,1360.0,2669.0
2020-12-08,591.0,1424.0,1562.0,2986.0
2020-12-09,615.0,1454.0,1582.0,3036.0
2020-12-10,683.0,1495.0,1579.0,3074.0
2020-12-11,7810.0,1455.0,1541.0,2996.0
2020-12-12,1641.0,1884.0,2110.0,3994.0
2020-12-13,644.0,1299.0,1409.0,2708.0
2020-12-14,217.0,938.0,999.0,1937.0
2020-12-15,101.0,1080.0,1160.0,2240.0
2020-12-16,114.0,1119.0,1229.0,2348.0
2020-12-17,133.0,1248.0,1322.0,2570.0
2020-12-18,230.0,1387.0,1445.0,2832.0
2020-12-19,380.0,1332.0,1439.0,2771.0
2020-12-20,696.0,1537.0,1646.0,3183.0
2020-12-21,231.0,1199.0,1230.0,2429.0
2020-12-22,282.0,1546.0,1657.0,3203.0
2020-12-23,288.0,1450.0,1553.0,3003.0
2020-12-24,347.0,1478.0,1533.0,3011.0
2020-12-25,1058.0,1608.0,1617.0,3225.0
2020-12-26,1356.0,1813.0,2051.0,3864.0
2020-12-27,1876.0,1818.0,1888.0,3706.0
2020-12-28,802.0,1348.0,1442.0,2790.0
2020-12-29,244.0,1252.0,1327.0,2579.0
2020-12-30,72.0,908.0,948.0,1856.0
2020-12-31,139.0,978.0,1023.0,2001.0
2021-01-01,633.0,1004.0,992.0,1996.0
2021-01-02,928.0,1691.0,1777.0,3468.0
2021-01-03,625.0,1495.0,1593.0,3088.0
2021-01-04,199.0,1264.0,1344.0,2608.0
2021-01-05,162.0,1312.0,1436.0,2748.0
2021-01-06,265.0,1342.0,1317.0,2659.0
2021-01-07,74.0,1352.0,1554.0,2906.0
2021-01-08,63.0,925.0,993.0,1918.0
2021-01-09,165.0,1151.0,1270.0,2421.0
2021-01-10,527.0,1362.0,1488.0,2850.0
2021-01-11,103.0,1012.0,1089.0,2101.0
2021-01-12,176.0,1554.0,1556.0,3110.0
2021-01-13,851.0,1659.0,1856.0,3515.0
2021-01-14,446.0,1621.0,1733.0,3354.0
2021-01-15,283.0,1416.0,1507.0,2923.0
2021-01-16,1147.0,2085.0,2291.0,4376.0
2021-01-17,771.0,1578.0,1716.0,3294.0
2021-01-18,87.0,1157.0,1204.0,2361.0
2021-01-19,158.0,1338.0,1482.0,2820.0
2021-01-20,398.0,1788.0,1918.0,3706.0
2021-01-21,200.0,1446.0,1525.0,2971.0
2021-01-22,343.0,1541.0,1645.0,3186.0
2021-01-23,4556.0,2527.0,2711.0,5238.0
2021-01-24,8227.0,2814.0,2942.0,5756.0
2021-01-25,1132.0,1775.0,1874.0,3649.0
2021-01-26,218.0,1383.0,1464.0,2847.0
2021-01-27,745.0,2039.0,2191.0,4230.0
2021-01-28,119.0,1401.0,1469.0,2870.0
2021-01-29,107.0,1228.0,1306.0,2534.0
2021-01-30,1503.0,2176.0,2399.0,4575.0
2021-01-31,4007.0,2522.0,2748.0,5270.0
2021-02-01,515.0,1493.0,1581.0,3074.0
2021-02-02,192.0,1582.0,1645.0,3227.0
2021-02-03,208.0,1629.0,1654.0,3283.0
2021-02-04,244.0,1602.0,1733.0,3335.0
2021-02-05,361.0,1870.0,1960.0,3830.0
2021-02-06,3512.0,2814.0,3032.0,5846.0
2021-02-07,2477.0,2174.0,2317.0,4491.0
2021-02-08,246.0,1313.0,1376.0,2689.0
2021-02-09,371.0,1744.0,1813.0,3557.0
2021-02-10,682.0,1700.0,1842.0,3542.0
2021-02-11,3950.0,1978.0,2044.0,4022.0
2021-02-12,5530.0,2146.0,2151.0,4297.0
2021-02-13,7588.0,3815.0,4015.0,7830.0
2021-02-14,4395.0,2814.0,3005.0,5819.0
2021-02-15,456.0,1344.0,1377.0,2721.0
2021-02-16,101.0,1461.0,1567.0,3028.0
2021-02-17,116.0,1308.0,1417.0,2725.0
2021-02-18,165.0,1582.0,1672.0,3254.0
2021-02-19,1643.0,2117.0,2171.0,4288.0
2021-02-20,6203.0,3565.0,3909.0,7474.0
2021-02-21,11897.0,3863.0,3997.0,7860.0
2021-02-22,1585.0,2198.0,2246.0,4444.0
2021-02-23,734.0,2127.0,2198.0,4325.0
2021-02-24,1212.0,2397.0,2450.0,4847.0
2021-02-25,1167.0,2356.0,2437.0,4793.0
2021-02-26,2913.0,2872.0,2978.0,5850.0
2021-02-27,11624.0,4721.0,5055.0,9776.0
2021-02-28,15378.0,4646.0,4844.0,9490.0
2021-03-01,113.0,748.0,750.0,1498.0
2021-03-02,641.0,1683.0,1802.0,3485.0
2021-03-03,836.0,2151.0,2238.0,4389.0
2021-03-04,616.0,2042.0,2161.0,4203.0
2021-03-05,1373.0,2554.0,2663.0,5217.0
2021-03-06,10282.0,4247.0,4580.0,8827.0
2021-03-07,11425.0,3987.0,4094.0,8081.0
2021-03-08,1149.0,2078.0,2190.0,4268.0
2021-03-09,1034.0,2360.0,2454.0,4814.0
2021-03-10,1260.0,2504.0,2701.0,5205.0
2021-03-11,2395.0,2266.0,2317.0,4583.0
2021-03-12,347.0,1964.0,2034.0,3998.0
2021-03-13,10069.0,4694.0,4981.0,9675.0
2021-03-14,8828.0,3858.0,4130.0,7988.0
2021-03-15,916.0,1915.0,2065.0,3980.0
2021-03-16,706.0,2177.0,2322.0,4499.0
2021-03-17,1078.0,2519.0,2665.0,5184.0
2021-03-18,1242.0,2583.0,2729.0,5312.0
2021-03-19,1687.0,2972.0,3088.0,6060.0
2021-03-20,801.0,1976.0,2177.0,4153.0
2021-03-21,10370.0,3583.0,3814.0,7397.0
2021-03-22,1088.0,2142.0,2219.0,4361.0
2021-03-23,1086.0,2924.0,2964.0,5888.0
2021-03-24,1101.0,2607.0,2689.0,5296.0
2021-03-25,1628.0,2962.0,3111.0,6073.0
2021-03-26,1453.0,3153.0,3262.0,6415.0
2021-03-27,1291.0,2563.0,2776.0,5339.0
2021-03-28,2007.0,2178.0,2304.0,4482.0
2021-03-29,802.0,2177.0,2313.0,4490.0
2021-03-30,1616.0,3225.0,3401.0,6626.0
2021-03-31,3512.0,4726.0,4866.0,9592.0
2021-04-01,4433.0,5569.0,5763.0,11332.0
2021-04-02,5286.0,6291.0,6542.0,12833.0
2021-04-03,491.0,2106.0,2184.0,4290.0
2021-04-04,15169.0,7213.0,7457.0,14670.0
2021-04-05,4368.0,4908.0,4987.0,9895.0
2021-04-06,3724.0,5315.0,5534.0,10849.0
2021-04-07,4132.0,5031.0,5259.0,10290.0
2021-04-08,3214.0,4426.0,4540.0,8966.0
2021-04-09,5688.0,4520.0,4736.0,9256.0
2021-04-10,21369.0,9713.0,10195.0,19908.0
2021-04-11,20591.0,7528.0,7659.0,15187.0
2021-04-12,319.0,1409.0,1523.0,2932.0
2021-04-13,1458.0,2737.0,2861.0,5598.0
2021-04-14,2003.0,2997.0,3167.0,6164.0
2021-04-15,2301.0,3351.0,3444.0,6795.0
2021-04-16,585.0,1931.0,2036.0,3967.0
2021-04-17,5544.0,4526.0,4714.0,9240.0
2021-04-18,23276.0,6346.0,6560.0,12906.0
2021-04-19,2765.0,3094.0,3240.0,6334.0
2021-04-20,2360.0,3296.0,3384.0,6680.0
2021-04-21,2341.0,3327.0,3445.0,6772.0
2021-04-22,1817.0,3089.0,3153.0,6242.0
2021-04-23,2214.0,3012.0,3181.0,6193.0
2021-04-24,15031.0,6765.0,7079.0,13844.0
2021-04-25,17717.0,6332.0,6436.0,12768.0
2021-04-26,2483.0,2802.0,2916.0,5718.0
2021-04-27,1771.0,2962.0,3051.0,6013.0
2021-04-28,1459.0,2774.0,2906.0,5680.0
2021-04-29,1594.0,2694.0,2826.0,5520.0
2021-04-30,1259.0,2440.0,2602.0,5042.0
2021-05-01,5173.0,3633.0,3780.0,7413.0
2021-05-02,17650.0,6549.0,6631.0,13180.0
2021-05-03,5302.0,4318.0,4510.0,8828.0
2021-05-04,536.0,1776.0,1796.0,3572.0
2021-05-05,46206.0,12692.0,13007.0,25699.0
2021-05-06,5036.0,4805.0,4888.0,9693.0
2021-05-07,1287.0,2726.0,2738.0,5464.0
2021-05-08,3533.0,3790.0,3851.0,7641.0
2021-05-09,12740.0,5831.0,5935.0,11766.0
2021-05-10,322.0,1386.0,1423.0,2809.0
2021-05-11,4631.0,3482.0,3658.0,7140.0
2021-05-12,2227.0,3363.0,3507.0,6870.0
2021-05-13,2823.0,3341.0,3555.0,6896.0
2021-05-14,3140.0,3621.0,3830.0,7451.0
2021-05-15,2672.0,3262.0,3561.0,6823.0
2021-05-16,426.0,1311.0,1287.0,2598.0
2021-05-17,542.0,1501.0,1538.0,3039.0
2021-05-18,3884.0,4257.0,4430.0,8687.0
2021-05-19,24671.0,10656.0,11086.0,21742.0
2021-05-20,1304.0,2374.0,2404.0,4778.0
2021-05-21,1711.0,2892.0,3031.0,5923.0
2021-05-22,19649.0,8600.0,8978.0,17578.0
2021-05-23,17161.0,6826.0,6985.0,13811.0
2021-05-24,3989.0,3395.0,3449.0,6844.0
2021-05-25,2173.0,2538.0,2664.0,5202.0
2021-05-26,4690.0,4511.0,4598.0,9109.0
2021-05-27,1004.0,1843.0,1963.0,3806.0
2021-05-28,1298.0,1814.0,1939.0,3753.0
2021-05-29,12491.0,6532.0,6935.0,13467.0
2021-05-30,30143.0,6858.0,7013.0,13871.0
2021-05-31,3012.0,2759.0,2813.0,5572.0
2021-06-01,3165.0,3370.0,3471.0,6841.0
2021-06-02,3384.0,3491.0,3622.0,7113.0
2021-06-03,701.0,1867.0,1908.0,3775.0
2021-06-04,4275.0,3953.0,4168.0,8121.0
2021-06-05,14463.0,7244.0,7621.0,14865.0
2021-06-06,13620.0,5702.0,5871.0,11573.0
2021-06-07,2734.0,2969.0,2997.0,5966.0
2021-06-08,3985.0,3066.0,3263.0,6329.0
2021-06-09,1902.0,3177.0,3295.0,6472.0
2021-06-10,1877.0,2761.0,2855.0,5616.0
2021-06-11,1625.0,2415.0,2528.0,4943.0
2021-06-12,8613.0,5888.0,6188.0,12076.0
2021-06-13,7449.0,4380.0,4519.0,8899.0
2021-06-14,1715.0,2383.0,2505.0,4888.0
2021-06-15,842.0,2153.0,2234.0,4387.0
2021-06-16,2153.0,3128.0,3270.0,6398.0
2021-06-17,1760.0,3043.0,3110.0,6153.0
2021-06-18,612.0,1960.0,2116.0,4076.0
2021-06-19,9749.0,5966.0,6274.0,12240.0
2021-06-20,8337.0,4969.0,5156.0,10125.0
2021-06-21,1609.0,2579.0,2683.0,5262.0
2021-06-22,1406.0,2831.0,2964.0,5795.0
2021-06-23,948.0,2566.0,2638.0,5204.0
2021-06-24,1303.0,3025.0,3175.0,6200.0
2021-06-25,1821.0,3238.0,3445.0,6683.0
2021-06-26,6151.0,4594.0,4930.0,9524.0
2021-06-27,23485.0,4835.0,4998.0,9833.0
2021-06-28,710.0,1928.0,1997.0,3925.0
2021-06-29,1089.0,2753.0,2923.0,5676.0
2021-06-30,663.0,2429.0,2521.0,4950.0
2021-07-01,894.0,3008.0,3139.0,6147.0
2021-07-02,1050.0,2790.0,2987.0,5777.0
2021-07-03,2370.0,3430.0,3563.0,6993.0
2021-07-04,1094.0,1771.0,1798.0,3569.0
2021-07-05,1459.0,2340.0,2414.0,4754.0
2021-07-06,1235.0,3024.0,3140.0,6164.0
2021-07-07,719.0,2290.0,2438.0,4728.0
2021-07-08,597.0,2388.0,2418.0,4806.0
2021-07-09,758.0,2258.0,2384.0,4642.0
2021-07-10,2216.0,2806.0,2841.0,5647.0
2021-07-11,1731.0,2199.0,2322.0,4521.0
2021-07-12,596.0,1754.0,1790.0,3544.0
2021-07-13,516.0,2010.0,2106.0,4116.0
2021-07-14,473.0,1892.0,1942.0,3834.0
2021-07-15,391.0,1818.0,1870.0,3688.0
2021-07-16,344.0,1824.0,1886.0,3710.0
2021-07-17,1315.0,2566.0,2750.0,5316.0
2021-07-18,1424.0,2253.0,2327.0,4580.0
2021-07-19,345.0,1500.0,1542.0,3042.0
2021-07-20,1987.0,1924.0,2040.0,3964.0
2021-07-21,277.0,1790.0,1830.0,3620.0
2021-07-22,264.0,1707.0,1839.0,3546.0
2021-07-23,238.0,1719.0,1797.0,3516.0
2021-07-24,578.0,2198.0,2319.0,4517.0
2021-07-25,9812.0,2047.0,2114.0,4161.0
2021-07-26,399.0,1396.0,1433.0,2829.0
2021-07-27,246.0,1900.0,1931.0,3831.0
2021-07-28,281.0,1812.0,1916.0,3728.0
2021-07-29,475.0,1910.0,1954.0,3864.0
2021-07-30,446.0,1958.0,2056.0,4014.0
2021-07-31,1157.0,2318.0,2437.0,4755.0
2021-08-01,1176.0,1843.0,1884.0,3727.0
2021-08-02,1191.0,1663.0,1727.0,3390.0
2021-08-03,1326.0,2401.0,2474.0,4875.0
2021-08-04,986.0,2212.0,2325.0,4537.0
2021-08-05,1495.0,2128.0,2204.0,4332.0
2021-08-06,757.0,2067.0,2155.0,4222.0
2021-08-07,2232.0,2829.0,2978.0,5807.0
2021-08-08,2267.0,2478.0,2485.0,4963.0
2021-08-09,816.0,1888.0,1960.0,3848.0
2021-08-10,608.0,2238.0,2301.0,4539.0
2021-08-11,682.0,2246.0,2396.0,4642.0
2021-08-12,779.0,2242.0,2334.0,4576.0
2021-08-13,1184.0,2362.0,2491.0,4853.0
2021-08-14,5347.0,3281.0,3450.0,6731.0
2021-08-15,7148.0,3635.0,3653.0,7288.0
2021-08-16,5792.0,3437.0,3514.0,6951.0
2021-08-17,1312.0,2156.0,2270.0,4426.0
2021-08-18,889.0,2105.0,2208.0,4313.0
2021-08-19,1721.0,2808.0,2896.0,5704.0
2021-08-20,1339.0,2469.0,2620.0,5089.0
2021-08-21,1164.0,1763.0,1879.0,3642.0
2021-08-22,8136.0,3458.0,3530.0,6988.0
2021-08-23,409.0,1420.0,1474.0,2894.0
2021-08-24,239.0,1536.0,1594.0,3130.0
2021-08-25,1696.0,1872.0,1947.0,3819.0
2021-08-26,1299.0,2570.0,2630.0,5200.0
2021-08-27,381.0,1745.0,1777.0,3522.0
2021-08-28,11137.0,4623.0,4883.0,9506.0
2021-08-29,9178.0,3544.0,3640.0,7184.0
2021-08-30,1723.0,2282.0,2385.0,4667.0
2021-08-31,242.0,1521.0,1606.0,3127.0
2021-09-01,631.0,1907.0,2031.0,3938.0
2021-09-02,1566.0,2577.0,2696.0,5273.0
2021-09-03,2412.0,2939.0,3114.0,6053.0
2021-09-04,15612.0,5598.0,5903.0,11501.0
2021-09-05,15370.0,4789.0,4985.0,9774.0
2021-09-06,1595.0,2112.0,2167.0,4279.0
2021-09-07,137.0,1365.0,1438.0,2803.0
2021-09-08,1673.0,2629.0,2772.0,5401.0
2021-09-09,1889.0,2897.0,3021.0,5918.0
2021-09-10,3842.0,2695.0,2836.0,5531.0
2021-09-11,11735.0,5637.0,5841.0,11478.0
2021-09-12,12755.0,4692.0,4875.0,9567.0
2021-09-13,1442.0,2237.0,2343.0,4580.0
2021-09-14,1405.0,2799.0,2908.0,5707.0
2021-09-15,1313.0,2618.0,2725.0,5343.0
2021-09-16,1336.0,2592.0,2701.0,5293.0
2021-09-17,1335.0,2535.0,2661.0,5196.0
2021-09-18,9152.0,5293.0,5576.0,10869.0
2021-09-19,12678.0,5438.0,5558.0,10996.0
2021-09-20,19167.0,5869.0,5952.0,11821.0
2021-09-21,7751.0,3367.0,3268.0,6635.0
2021-09-22,10551.0,5311.0,5311.0,10622.0
2021-09-23,4100.0,3376.0,3535.0,6911.0
2021-09-24,3257.0,3626.0,3865.0,7491.0
2021-09-25,10698.0,6138.0,6411.0,12549.0
2021-09-26,11145.0,5194.0,5287.0,10481.0
2021-09-27,1478.0,2524.0,2584.0,5108.0
2021-09-28,1124.0,2683.0,2746.0,5429.0
2021-09-29,169.0,1389.0,1511.0,2900.0
2021-09-30,1840.0,3685.0,3808.0,7493.0
2021-10-01,2313.0,3389.0,3558.0,6947.0
2021-10-02,12400.0,6385.0,6823.0,13208.0
2021-10-03,16853.0,6992.0,7187.0,14179.0
2021-10-04,5215.0,3721.0,3848.0,7569.0
2021-10-05,1259.0,2411.0,2510.0,4921.0
2021-10-06,353.0,1734.0,1850.0,3584.0
2021-10-07,914.0,2346.0,2438.0,4784.0
2021-10-08,715.0,2280.0,2426.0,4706.0
2021-10-09,13776.0,7037.0,7475.0,14512.0
2021-10-10,6376.0,3927.0,3986.0,7913.0
2021-10-11,14410.0,5990.0,6245.0,12235.0
2021-10-12,1763.0,2715.0,2770.0,5485.0
2021-10-13,2368.0,3247.0,3417.0,6664.0
2021-10-14,2310.0,3515.0,3640.0,7155.0
2021-10-15,1857.0,3005.0,3203.0,6208.0
2021-10-16,7823.0,5685.0,6192.0,11877.0
2021-10-17,5034.0,4026.0,4151.0,8177.0
2021-10-18,3236.0,2432.0,2465.0,4897.0
2021-10-19,1091.0,2604.0,2612.0,5216.0
2021-10-20,1863.0,2928.0,3047.0,5975.0
2021-10-21,1938.0,3356.0,3446.0,6802.0
2021-10-22,2386.0,4170.0,4313.0,8483.0
2021-10-23,11525.0,7626.0,8101.0,15727.0
2021-10-24,14344.0,6675.0,6802.0,13477.0
2021-10-25,2267.0,2915.0,3007.0,5922.0
2021-10-26,2433.0,3836.0,3896.0,7732.0
2021-10-27,20162.0,3971.0,4036.0,8007.0
2021-10-28,3071.0,4632.0,4781.0,9413.0
2021-10-29,3468.0,4492.0,4667.0,9159.0
2021-10-30,13047.0,9508.0,9925.0,19433.0
2021-10-31,15648.0,9155.0,9276.0,18431.0
2021-11-01,3168.0,4063.0,4112.0,8175.0
2021-11-02,3353.0,4763.0,4897.0,9660.0
2021-11-03,3310.0,4809.0,4937.0,9746.0
2021-11-04,2533.0,4610.0,4733.0,9343.0
2021-11-05,3846.0,5496.0,5634.0,11130.0
2021-11-06,15092.0,11623.0,12079.0,23702.0
2021-11-07,16700.0,10255.0,10316.0,20571.0
2021-11-08,171.0,1165.0,1278.0,2443.0
2021-11-09,385.0,1901.0,1984.0,3885.0
2021-11-10,930.0,2545.0,2777.0,5322.0
2021-11-11,1515.0,3466.0,3556.0,7022.0
2021-11-12,1593.0,3327.0,3555.0,6882.0
2021-11-13,6639.0,7045.0,7360.0,14405.0
2021-11-14,8436.0,5744.0,5864.0,11608.0
2021-11-15,1680.0,2825.0,2936.0,5761.0
2021-11-16,3665.0,3421.0,3656.0,7077.0
2021-11-17,1631.0,3182.0,3324.0,6506.0
2021-11-18,1073.0,3176.0,3300.0,6476.0
2021-11-19,1748.0,3628.0,3803.0,7431.0
2021-11-20,4321.0,5219.0,5482.0,10701.0
2021-11-21,3040.0,3592.0,3759.0,7351.0
2021-11-22,683.0,1941.0,2079.0,4020.0
2021-11-23,436.0,2116.0,2232.0,4348.0
2021-11-24,523.0,2187.0,2368.0,4555.0
2021-11-25,665.0,2447.0,2612.0,5059.0
2021-11-26,16233.0,2592.0,2709.0,5301.0
2021-11-27,15992.0,4402.0,4669.0,9071.0
2021-11-28,4650.0,3987.0,4193.0,8180.0
2021-11-29,1137.0,2328.0,2460.0,4788.0
2021-11-30,141.0,1350.0,1412.0,2762.0
2021-12-01,321.0,2028.0,2090.0,4118.0
2021-12-02,386.0,1998.0,2100.0,4098.0
2021-12-03,361.0,2180.0,2289.0,4469.0
2021-12-04,1741.0,3267.0,3514.0,6781.0
2021-12-05,2830.0,3192.0,3283.0,6475.0
2021-12-06,696.0,1964.0,2047.0,4011.0
2021-12-07,1776.0,2332.0,2389.0,4721.0
2021-12-08,744.0,2336.0,2479.0,4815.0
2021-12-09,645.0,2455.0,2535.0,4990.0
2021-12-10,404.0,1846.0,1987.0,3833.0
2021-12-11,2688.0,3498.0,3600.0,7098.0
2021-12-12,2415.0,2980.0,3095.0,6075.0
2021-12-13,267.0,1728.0,1764.0,3492.0
2021-12-14,568.0,2192.0,2288.0,4480.0
2021-12-15,339.0,1903.0,2014.0,3917.0
2021-12-16,355.0,2191.0,2215.0,4406.0
2021-12-17,343.0,1717.0,1679.0,3396.0
2021-12-18,312.0,1877.0,1942.0,3819.0
2021-12-19,573.0,2353.0,2525.0,4878.0
2021-12-20,471.0,1882.0,1985.0,3867.0
2021-12-21,460.0,2141.0,2232.0,4373.0
2021-12-22,427.0,2087.0,2224.0,4311.0
2021-12-23,430.0,2515.0,2569.0,5084.0
2021-12-24,303.0,1878.0,2000.0,3878.0
2021-12-25,390.0,2047.0,2076.0,4123.0
2021-12-26,223.0,1396.0,1470.0,2866.0
2021-12-27,12955.0,1274.0,1345.0,2619.0
2021-12-28,317.0,1959.0,2041.0,4000.0
2021-12-29,394.0,2213.0,2330.0,4543.0
2021-12-30,420.0,2111.0,2223.0,4334.0
2021-12-31,202.0,1745.0,1790.0,3535.0
2022-01-01,1043.0,1856.0,1869.0,3725.0
2022-01-02,1084.0,2675.0,2790.0,5465.0
2022-01-03,324.0,1680.0,1780.0,3460.0
2022-01-04,417.0,2253.0,2372.0,4625.0
2022-01-05,349.0,2107.0,2218.0,4325.0
2022-01-06,933.0,2486.0,2575.0,5061.0
2022-01-07,463.0,2460.0,2557.0,5017.0
2022-01-08,1431.0,3488.0,3899.0,7387.0
2022-01-09,1116.0,2779.0,2872.0,5651.0
2022-01-10,367.0,1973.0,2029.0,4002.0
2022-01-11,249.0,1950.0,1983.0,3933.0
2022-01-12,139.0,1821.0,1919.0,3740.0
2022-01-13,1276.0,2009.0,2070.0,4079.0
2022-01-14,224.0,2056.0,2167.0,4223.0
2022-01-15,1433.0,3526.0,3727.0,7253.0
2022-01-16,1262.0,3036.0,3191.0,6227.0
2022-01-17,283.0,1729.0,1796.0,3525.0
2022-01-18,358.0,2126.0,2222.0,4348.0
2022-01-19,240.0,1954.0,2049.0,4003.0
2022-01-20,327.0,2320.0,2432.0,4752.0
2022-01-21,386.0,2364.0,2498.0,4862.0
2022-01-22,1882.0,3854.0,4096.0,7950.0
2022-01-23,2805.0,3754.0,3809.0,7563.0
2022-01-24,746.0,2156.0,2253.0,4409.0
2022-01-25,267.0,2027.0,2155.0,4182.0
2022-01-26,558.0,2501.0,2612.0,5113.0
2022-01-27,476.0,2253.0,2327.0,4580.0
2022-01-28,426.0,2075.0,2194.0,4269.0
2022-01-29,1237.0,2960.0,3228.0,6188.0
2022-01-30,1951.0,2899.0,2882.0,5781.0
2022-01-31,2755.0,2738.0,2717.0,5455.0
2022-02-01,1096.0,1997.0,1946.0,3943.0
2022-02-02,1651.0,3227.0,3240.0,6467.0
2022-02-03,652.0,2103.0,2212.0,4315.0
2022-02-04,374.0,2037.0,2110.0,4147.0
2022-02-05,509.0,2644.0,2801.0,5445.0
2022-02-06,860.0,2635.0,2791.0,5426.0
2022-02-07,275.0,1615.0,1696.0,3311.0
2022-02-08,591.0,2380.0,2495.0,4875.0
2022-02-09,564.0,2417.0,2549.0,4966.0
2022-02-10,704.0,2642.0,2762.0,5404.0
2022-02-11,755.0,2595.0,2766.0,5361.0
2022-02-12,2875.0,3740.0,3972.0,7712.0
2022-02-13,4327.0,3683.0,3858.0,7541.0
2022-02-14,721.0,1792.0,1889.0,3681.0
2022-02-15,2350.0,2379.0,2534.0,4913.0
2022-02-16,282.0,2052.0,2145.0,4197.0
2022-02-17,215.0,1977.0,2094.0,4071.0
2022-02-18,599.0,2342.0,2418.0,4760.0
2022-02-19,2013.0,3292.0,3513.0,6805.0
2022-02-20,1677.0,2508.0,2574.0,5082.0
2022-02-21,364.0,1623.0,1722.0,3345.0
2022-02-22,380.0,2048.0,2168.0,4216.0
2022-02-23,337.0,1944.0,2000.0,3944.0
2022-02-24,656.0,2157.0,2304.0,4461.0
2022-02-25,1254.0,2510.0,2598.0,5108.0
2022-02-26,1947.0,2947.0,3139.0,6086.0
2022-02-27,6364.0,3808.0,3882.0,7690.0
2022-02-28,3653.0,2492.0,2576.0,5068.0
2022-03-01,4485.0,2944.0,3091.0,6035.0
2022-03-02,902.0,2068.0,2208.0,4276.0
2022-03-03,927.0,2198.0,2258.0,4456.0
2022-03-04,614.0,1827.0,1888.0,3715.0
2022-03-05,2774.0,3067.0,3226.0,6293.0
2022-03-06,4926.0,3132.0,3264.0,6396.0
2022-03-07,755.0,1757.0,1823.0,3580.0
2022-03-08,1096.0,2195.0,2288.0,4483.0
2022-03-09,12164.0,4553.0,4697.0,9250.0
2022-03-10,1044.0,2081.0,2194.0,4275.0
2022-03-11,1440.0,2309.0,2410.0,4719.0
2022-03-12,10364.0,4459.0,4744.0,9203.0
2022-03-13,1397.0,1647.0,1652.0,3299.0
2022-03-14,135.0,1163.0,1230.0,2393.0
2022-03-15,1287.0,2327.0,2419.0,4746.0
2022-03-16,1520.0,2488.0,2565.0,5053.0
2022-03-17,2283.0,2219.0,2284.0,4503.0
2022-03-18,556.0,1720.0,1739.0,3459.0
2022-03-19,504.0,1649.0,1739.0,3388.0
2022-03-20,7728.0,3484.0,3632.0,7116.0
2022-03-21,1259.0,1853.0,1935.0,3788.0
2022-03-22,1348.0,2312.0,2335.0,4647.0
2022-03-23,777.0,1994.0,2181.0,4175.0
2022-03-24,1079.0,2291.0,2419.0,4710.0
2022-03-25,1185.0,2175.0,2315.0,4490.0
2022-03-26,3615.0,2869.0,2985.0,5854.0
2022-03-27,15630.0,5680.0,5784.0,11464.0
2022-03-28,3633.0,2367.0,2440.0,4807.0
2022-03-29,2389.0,2877.0,3009.0,5886.0
2022-03-30,670.0,1952.0,2025.0,3977.0
2022-03-31,1516.0,2557.0,2645.0,5202.0
2022-04-01,3094.0,3405.0,3489.0,6894.0
2022-04-02,19080.0,8541.0,8906.0,17447.0
2022-04-03,20368.0,7143.0,7292.0,14435.0
2022-04-04,2616.0,2860.0,2938.0,5798.0
2022-04-05,2293.0,3364.0,3468.0,6832.0
2022-04-06,2635.0,3452.0,3596.0,7048.0
2022-04-07,2425.0,3684.0,3901.0,7585.0
2022-04-08,5368.0,5438.0,5569.0,11007.0
2022-04-09,22965.0,16375.0,16699.0,33074.0
2022-04-10,24296.0,17086.0,17124.0,34210.0
2022-04-11,6053.0,6682.0,6901.0,13583.0
2022-04-12,4761.0,7119.0,7330.0,14449.0
2022-04-13,831.0,2804.0,3018.0,5822.0
2022-04-14,2172.0,4136.0,4217.0,8353.0
2022-04-15,5086.0,6125.0,6421.0,12546.0
2022-04-16,22173.0,13610.0,14199.0,27809.0
2022-04-17,22239.0,9833.0,10118.0,19951.0
2022-04-18,3122.0,3573.0,3711.0,7284.0
2022-04-19,5147.0,4140.0,4307.0,8447.0
2022-04-20,3229.0,3907.0,4161.0,8068.0
2022-04-21,3143.0,3430.0,3050.0,6480.0
2022-04-22,2171.0,3469.0,3761.0,7230.0
2022-04-23,18329.0,11137.0,11656.0,22793.0
2022-04-24,17940.0,8361.0,8448.0,16809.0
2022-04-25,2604.0,3117.0,3158.0,6275.0
2022-04-26,2563.0,3640.0,3821.0,7461.0
2022-04-27,3095.0,4025.0,4265.0,8290.0
2022-04-28,4191.0,5327.0,5477.0,10804.0
2022-04-29,3185.0,5952.0,5911.0,11863.0
2022-04-30,20693.0,10120.0,10791.0,20911.0
2022-05-01,16307.0,8539.0,8649.0,17188.0
2022-05-02,3893.0,4367.0,4474.0,8841.0
2022-05-03,3594.0,5543.0,5655.0,11198.0
2022-05-04,6421.0,10850.0,10803.0,21653.0
2022-05-05,46381.0,19371.0,19565.0,38936.0
2022-05-06,13667.0,12660.0,12760.0,25420.0
2022-05-07,10100.0,7505.0,7678.0,15183.0
2022-05-08,6887.0,4714.0,4681.0,9395.0
2022-05-09,3350.0,3835.0,3946.0,7781.0
2022-05-10,3458.0,4367.0,4345.0,8712.0
2022-05-11,3399.0,5481.0,5539.0,11020.0
2022-05-12,3523.0,5155.0,5254.0,10409.0
2022-05-13,6037.0,11926.0,11731.0,23657.0
2022-05-14,12924.0,10133.0,10544.0,20677.0
2022-05-15,13663.0,8400.0,8375.0,16775.0
2022-05-16,3881.0,4526.0,4665.0,9191.0
2022-05-17,4384.0,4894.0,5128.0,10022.0
2022-05-18,3217.0,4496.0,4891.0,9387.0
2022-05-19,5872.0,7358.0,7334.0,14692.0
2022-05-20,11668.0,10494.0,10204.0,20698.0
2022-05-21,15593.0,10885.0,11300.0,22185.0
2022-05-22,15974.0,8681.0,8942.0,17623.0
2022-05-23,4327.0,4163.0,4128.0,8291.0
2022-05-24,5103.0,5872.0,5947.0,11819.0
2022-05-25,5800.0,4991.0,5119.0,10110.0
2022-05-26,6660.0,5367.0,5513.0,10880.0
2022-05-27,7146.0,8868.0,8885.0,17753.0
2022-05-28,36225.0,10578.0,11093.0,21671.0
2022-05-29,15590.0,8597.0,8641.0,17238.0
2022-05-30,3877.0,3436.0,3513.0,6949.0
2022-05-31,6274.0,8687.0,8700.0,17387.0
2022-06-01,17053.0,9899.0,10167.0,20066.0
2022-06-02,4831.0,4783.0,4876.0,9659.0
2022-06-03,4426.0,8174.0,8294.0,16468.0
2022-06-04,12333.0,8431.0,8660.0,17091.0
2022-06-05,16564.0,8099.0,8151.0,16250.0
2022-06-06,9282.0,5237.0,5278.0,10515.0
2022-06-07,3572.0,3957.0,4058.0,8015.0
2022-06-08,3123.0,3809.0,3894.0,7703.0
2022-06-09,2045.0,4414.0,4483.0,8897.0
2022-06-10,3588.0,5363.0,5405.0,10768.0
2022-06-11,8456.0,7983.0,8374.0,16357.0
2022-06-12,8738.0,6314.0,6337.0,12651.0
2022-06-13,4221.0,2919.0,3164.0,6083.0
2022-06-14,2084.0,3800.0,3890.0,7690.0
2022-06-15,829.0,2757.0,2906.0,5663.0
2022-06-16,2084.0,3653.0,3824.0,7477.0
2022-06-17,2456.0,3894.0,4067.0,7961.0
2022-06-18,6082.0,6467.0,6883.0,13350.0
2022-06-19,7232.0,5517.0,5770.0,11287.0
2022-06-20,1732.0,2660.0,2812.0,5472.0
2022-06-21,1506.0,3329.0,3473.0,6802.0
2022-06-22,1690.0,3257.0,3490.0,6747.0
2022-06-23,430.0,2037.0,2156.0,4193.0
2022-06-24,1439.0,3005.0,3222.0,6227.0
2022-06-25,5193.0,6155.0,6454.0,12609.0
2022-06-26,18829.0,4193.0,4239.0,8432.0
2022-06-27,459.0,1741.0,1855.0,3596.0
2022-06-28,404.0,2022.0,2138.0,4160.0
2022-06-29,239.0,1873.0,1969.0,3842.0
2022-06-30,108.0,2119.0,2203.0,4322.0
2022-07-01,1188.0,3366.0,4091.0,7457.0
2022-07-02,2745.0,5389.0,5665.0,11054.0
2022-07-03,1965.0,4031.0,4057.0,8088.0
2022-07-04,516.0,2036.0,2136.0,4172.0
2022-07-05,459.0,3266.0,3343.0,6609.0
2022-07-06,536.0,3175.0,3229.0,6404.0
2022-07-07,280.0,2271.0,2394.0,4665.0
2022-07-08,743.0,3650.0,3758.0,7408.0
2022-07-09,2469.0,12398.0,14776.0,27174.0
2022-07-10,1722.0,7681.0,8641.0,16322.0
2022-07-11,472.0,2296.0,2339.0,4635.0
2022-07-12,711.0,3217.0,3371.0,6588.0
2022-07-13,149.0,2250.0,2320.0,4570.0
2022-07-14,753.0,3024.0,3217.0,6241.0
2022-07-15,1243.0,3577.0,3720.0,7297.0
2022-07-16,2437.0,4610.0,4897.0,9507.0
2022-07-17,3223.0,3944.0,3886.0,7830.0
2022-07-18,5216.0,2474.0,2611.0,5085.0
2022-07-19,755.0,3393.0,3396.0,6789.0
2022-07-20,774.0,2923.0,3012.0,5935.0
2022-07-21,676.0,2589.0,2714.0,5303.0
2022-07-22,756.0,2922.0,3063.0,5985.0
2022-07-23,10918.0,4456.0,4670.0,9126.0
2022-07-24,3068.0,3311.0,3279.0,6590.0
2022-07-25,1208.0,2705.0,2804.0,5509.0
2022-07-26,833.0,3385.0,3495.0,6880.0
2022-07-27,1005.0,3267.0,3374.0,6641.0
2022-07-28,1014.0,3528.0,3615.0,7143.0
2022-07-29,854.0,3409.0,3549.0,6958.0
2022-07-30,1277.0,3758.0,3888.0,7646.0
2022-07-31,856.0,2677.0,2655.0,5332.0
2022-08-01,1417.0,2158.0,2220.0,4378.0
2022-08-02,938.0,3044.0,3080.0,6124.0
2022-08-03,1286.0,2934.0,3151.0,6085.0
2022-08-04,2637.0,3628.0,3808.0,7436.0
2022-08-05,1023.0,2934.0,3138.0,6072.0
2022-08-06,1584.0,3637.0,3956.0,7593.0
2022-08-07,1697.0,3055.0,3087.0,6142.0
2022-08-08,177.0,1362.0,1402.0,2764.0
2022-08-09,69.0,1407.0,1449.0,2856.0
2022-08-10,875.0,2294.0,2415.0,4709.0
2022-08-11,531.0,1967.0,2090.0,4057.0
2022-08-12,1521.0,3646.0,3782.0,7428.0
2022-08-13,1703.0,3224.0,3443.0,6667.0
2022-08-14,5632.0,4065.0,4036.0,8101.0
2022-08-15,4618.0,2968.0,3046.0,6014.0
2022-08-16,1531.0,2561.0,2727.0,5288.0
2022-08-17,1324.0,2972.0,3104.0,6076.0
2022-08-18,1640.0,3174.0,3386.0,6560.0
2022-08-19,1116.0,2449.0,2569.0,5018.0
2022-08-20,5437.0,6040.0,6452.0,12492.0
2022-08-21,4690.0,4970.0,5088.0,10058.0
2022-08-22,1408.0,2298.0,2404.0,4702.0
2022-08-23,1137.0,2932.0,3103.0,6035.0
2022-08-24,1568.0,2938.0,3074.0,6012.0
2022-08-25,803.0,2778.0,2889.0,5667.0
2022-08-26,1885.0,3641.0,3814.0,7455.0
2022-08-27,16188.0,9643.0,10390.0,20033.0
2022-08-28,14964.0,7306.0,7682.0,14988.0
2022-08-29,917.0,1968.0,2107.0,4075.0
2022-08-30,184.0,1393.0,1551.0,2944.0
2022-08-31,1678.0,3335.0,3459.0,6794.0
2022-09-01,2141.0,2908.0,3372.0,6280.0
2022-09-02,2584.0,4004.0,4148.0,8152.0
2022-09-03,13485.0,14928.0,16346.0,31274.0
2022-09-04,790.0,11417.0,12028.0,23445.0
2022-09-05,55.0,942.0,999.0,1941.0
2022-09-06,1340.0,2019.0,2118.0,4137.0
2022-09-07,2223.0,3461.0,3544.0,7005.0
2022-09-08,2057.0,3668.0,3918.0,7586.0
2022-09-09,10663.0,5141.0,5337.0,10478.0
2022-09-10,13924.0,5841.0,5766.0,11607.0
2022-09-11,16246.0,7534.0,7612.0,15146.0
2022-09-12,14399.0,7146.0,7466.0,14612.0
2022-09-13,2526.0,3289.0,3626.0,6915.0
2022-09-14,1606.0,3192.0,3345.0,6537.0
2022-09-15,2073.0,4536.0,4665.0,9201.0
2022-09-16,2332.0,4236.0,4402.0,8638.0
2022-09-17,7960.0,5921.0,6442.0,12363.0
2022-09-18,9012.0,5302.0,5603.0,10905.0
2022-09-19,1905.0,2622.0,2831.0,5453.0
2022-09-20,2651.0,4387.0,4635.0,9022.0
2022-09-21,2964.0,3844.0,4021.0,7865.0
2022-09-22,4536.0,4549.0,4684.0,9233.0
2022-09-23,3468.0,6493.0,6584.0,13077.0
2022-09-24,16093.0,10542.0,10866.0,21408.0
2022-09-25,13925.0,7856.0,7874.0,15730.0
2022-09-26,2946.0,3028.0,3165.0,6193.0
2022-09-27,7608.0,5152.0,5264.0,10416.0
2022-09-28,4835.0,4087.0,4280.0,8367.0
2022-09-29,2630.0,5564.0,5701.0,11265.0
2022-09-30,4460.0,10442.0,10488.0,20930.0
2022-10-01,13785.0,9110.0,9713.0,18823.0
2022-10-02,12071.0,6345.0,6531.0,12876.0
2022-10-03,560.0,1786.0,1826.0,3612.0
2022-10-04,1571.0,3338.0,3498.0,6836.0
2022-10-05,3310.0,5208.0,5330.0,10538.0
2022-10-06,2908.0,7676.0,7728.0,15404.0
2022-10-07,4548.0,11042.0,11067.0,22109.0
2022-10-08,17148.0,10850.0,11181.0,22031.0
2022-10-09,1749.0,2865.0,2899.0,5764.0
2022-10-10,3701.0,3748.0,3727.0,7475.0
2022-10-11,2339.0,4213.0,4376.0,8589.0
2022-10-12,3944.0,5635.0,5735.0,11370.0
2022-10-13,5192.0,6432.0,6555.0,12987.0
2022-10-14,5034.0,10118.0,10034.0,20152.0
2022-10-15,14951.0,10790.0,11301.0,22091.0
2022-10-16,13354.0,8000.0,8286.0,16286.0
2022-10-17,2944.0,3344.0,3442.0,6786.0
2022-10-18,2905.0,5957.0,6036.0,11993.0
2022-10-19,3187.0,7101.0,7102.0,14203.0
2022-10-20,4181.0,8356.0,8318.0,16674.0
2022-10-21,6339.0,14134.0,13742.0,27876.0
2022-10-22,14033.0,11516.0,12201.0,23717.0
2022-10-23,15734.0,10026.0,10009.0,20035.0
2022-10-24,3200.0,3574.0,3730.0,7304.0
2022-10-25,3097.0,5977.0,5931.0,11908.0
2022-10-26,7256.0,6515.0,6546.0,13061.0
2022-10-27,4482.0,7494.0,7728.0,15222.0
2022-10-28,5649.0,11747.0,11586.0,23333.0
2022-10-29,16415.0,12752.0,13194.0,25946.0
2022-10-30,28609.0,9414.0,9630.0,19044.0
2022-10-31,3917.0,5092.0,5075.0,10167.0
2022-11-01,3287.0,5271.0,5356.0,10627.0
2022-11-02,3462.0,5603.0,5599.0,11202.0
2022-11-03,2676.0,4550.0,4754.0,9304.0
2022-11-04,3125.0,5716.0,5883.0,11599.0
2022-11-05,9610.0,9041.0,9513.0,18554.0
2022-11-06,11245.0,7946.0,8121.0,16067.0
2022-11-07,1770.0,4240.0,4220.0,8460.0
2022-11-08,2388.0,4882.0,5050.0,9932.0
2022-11-09,2375.0,5212.0,5330.0,10542.0
2022-11-10,2211.0,3848.0,4061.0,7909.0
2022-11-11,3204.0,5740.0,5916.0,11656.0
2022-11-12,5797.0,5735.0,6003.0,11738.0
2022-11-13,5201.0,4784.0,4957.0,9741.0
2022-11-14,1544.0,2596.0,2737.0,5333.0
2022-11-15,1053.0,3311.0,3456.0,6767.0
2022-11-16,1225.0,3373.0,4193.0,7566.0
2022-11-17,1760.0,4157.0,4154.0,8311.0
2022-11-18,1789.0,4108.0,4260.0,8368.0
2022-11-19,8285.0,6960.0,7252.0,14212.0
2022-11-20,9544.0,5561.0,5798.0,11359.0
2022-11-21,1633.0,2555.0,2675.0,5230.0
2022-11-22,849.0,3158.0,3244.0,6402.0
2022-11-23,4321.0,3153.0,3274.0,6427.0
2022-11-24,1185.0,3793.0,3860.0,7653.0
2022-11-25,1327.0,3703.0,3808.0,7511.0
2022-11-26,22632.0,6842.0,7246.0,14088.0
2022-11-27,3845.0,5237.0,5190.0,10427.0
2022-11-28,333.0,1456.0,1508.0,2964.0
2022-11-29,458.0,2388.0,2530.0,4918.0
2022-11-30,219.0,2758.0,2839.0,5597.0
2022-12-01,239.0,2357.0,2445.0,4802.0
2022-12-02,350.0,2821.0,2944.0,5765.0
2022-12-03,1148.0,3238.0,3477.0,6715.0
2022-12-04,1015.0,2641.0,2759.0,5400.0
2022-12-05,423.0,1805.0,1834.0,3639.0
2022-12-06,290.0,2666.0,2742.0,5408.0
2022-12-07,413.0,2935.0,3075.0,6010.0
2022-12-08,561.0,2844.0,2989.0,5833.0
2022-12-09,530.0,3486.0,3635.0,7121.0
2022-12-10,1995.0,4002.0,4338.0,8340.0
2022-12-11,2079.0,3386.0,3559.0,6945.0
2022-12-12,405.0,1976.0,1994.0,3970.0
2022-12-13,250.0,4595.0,4552.0,9147.0
2022-12-14,142.0,3643.0,3608.0,7251.0
2022-12-15,183.0,3661.0,3656.0,7317.0
2022-12-16,158.0,3115.0,3234.0,6349.0
2022-12-17,423.0,3677.0,3808.0,7485.0
2022-12-18,294.0,2452.0,2520.0,4972.0
2022-12-19,1591.0,1340.0,1375.0,2715.0
2022-12-20,331.0,3003.0,3065.0,6068.0
2022-12-21,276.0,2342.0,2438.0,4780.0
2022-12-22,281.0,2283.0,2321.0,4604.0
2022-12-23,106.0,1836.0,1854.0,3690.0
2022-12-24,380.0,2387.0,2490.0,4877.0
2022-12-25,11398.0,2547.0,2661.0,5208.0
2022-12-26,325.0,1680.0,1765.0,3445.0
2022-12-27,345.0,3193.0,3300.0,6493.0
2022-12-28,442.0,2775.0,2902.0,5677.0
2022-12-29,394.0,2728.0,2815.0,5543.0
2022-12-30,2546.0,3160.0,3126.0,6286.0
2022-12-31,970.0,3000.0,3241.0,6241.0
2023-01-01,1268.0,2115.0,2097.0,4212.0
2023-01-02,365.0,1697.0,1736.0,3433.0
2023-01-03,345.0,2330.0,2395.0,4725.0
2023-01-04,428.0,2410.0,2574.0,4984.0
2023-01-05,439.0,2526.0,2619.0,5145.0
2023-01-06,424.0,2572.0,2662.0,5234.0
2023-01-07,878.0,3250.0,3465.0,6715.0
2023-01-08,1260.0,3073.0,3161.0,6234.0
2023-01-09,542.0,1904.0,2018.0,3922.0
2023-01-10,608.0,3094.0,3202.0,6296.0
2023-01-11,578.0,2829.0,2935.0,5764.0
2023-01-12,960.0,3214.0,3320.0,6534.0
2023-01-13,235.0,1771.0,1882.0,3653.0
2023-01-14,542.0,2763.0,2912.0,5675.0
2023-01-15,499.0,2328.0,2351.0,4679.0
2023-01-16,317.0,1779.0,1876.0,3655.0
2023-01-17,356.0,2562.0,2722.0,5284.0
2023-01-18,356.0,2557.0,2741.0,5298.0
2023-01-19,453.0,2549.0,2753.0,5302.0
2023-01-20,252.0,1994.0,2095.0,4089.0
2023-01-21,795.0,2038.0,2111.0,4149.0
2023-01-22,1146.0,2030.0,2023.0,4053.0
2023-01-23,2810.0,4119.0,4146.0,8265.0
2023-01-24,209.0,1442.0,1488.0,2930.0
2023-01-25,135.0,1048.0,1115.0,2163.0
2023-01-26,288.0,2073.0,2260.0,4333.0
2023-01-27,1206.0,2203.0,2277.0,4480.0
2023-01-28,1930.0,4205.0,4342.0,8547.0
2023-01-29,1210.0,4170.0,4230.0,8400.0
2023-01-30,411.0,2028.0,2128.0,4156.0
2023-01-31,509.0,2812.0,3016.0,5828.0
2023-02-01,500.0,2602.0,2734.0,5336.0
2023-02-02,468.0,2599.0,2757.0,5356.0
2023-02-03,476.0,2616.0,2735.0,5351.0
2023-02-04,2439.0,4402.0,4851.0,9253.0
2023-02-05,2909.0,3822.0,3976.0,7798.0
2023-02-06,779.0,2081.0,2174.0,4255.0
2023-02-07,725.0,3079.0,3202.0,6281.0
2023-02-08,749.0,2838.0,3000.0,5838.0
2023-02-09,906.0,3198.0,3368.0,6566.0
2023-02-10,570.0,2750.0,2727.0,5477.0
2023-02-11,4339.0,5413.0,5640.0,11053.0
2023-02-12,4164.0,4402.0,4521.0,8923.0
2023-02-13,968.0,2455.0,2557.0,5012.0
2023-02-14,884.0,3284.0,3476.0,6760.0
2023-02-15,886.0,3272.0,3462.0,6734.0
2023-02-16,727.0,3129.0,3246.0,6375.0
2023-02-17,1121.0,3398.0,3510.0,6908.0
2023-02-18,2880.0,4583.0,4898.0,9481.0
2023-02-19,2869.0,3879.0,3926.0,7805.0
2023-02-20,811.0,2273.0,2346.0,4619.0
2023-02-21,627.0,2992.0,3228.0,6220.0
2023-02-22,898.0,3360.0,3574.0,6934.0
2023-02-23,1425.0,3726.0,3923.0,7649.0
2023-02-24,1658.0,3721.0,3834.0,7555.0
2023-02-25,3987.0,7032.0,7134.0,14166.0
2023-02-26,5228.0,6218.0,6247.0,12465.0
2023-02-27,3538.0,3344.0,3470.0,6814.0
2023-02-28,3603.0,4019.0,4214.0,8233.0
2023-03-01,7457.0,5160.0,5396.0,10556.0
2023-03-02,768.0,2454.0,2576.0,5030.0
2023-03-03,792.0,2494.0,2625.0,5119.0
2023-03-04,7806.0,5525.0,5901.0,11426.0
2023-03-05,9254.0,4779.0,4921.0,9700.0
2023-03-06,1039.0,2239.0,2298.0,4537.0
2023-03-07,1119.0,2928.0,3064.0,5992.0
2023-03-08,792.0,2484.0,2624.0,5108.0
2023-03-09,632.0,2475.0,2677.0,5152.0
2023-03-10,1533.0,3292.0,3423.0,6715.0
2023-03-11,15428.0,7519.0,7950.0,15469.0
2023-03-12,539.0,1987.0,2168.0,4155.0
2023-03-13,551.0,1986.0,2144.0,4130.0
2023-03-14,1070.0,2923.0,3020.0,5943.0
2023-03-15,914.0,2809.0,3024.0,5833.0
2023-03-16,898.0,2654.0,2803.0,5457.0
2023-03-17,1179.0,3042.0,3201.0,6243.0
2023-03-18,11932.0,7228.0,7618.0,14846.0
2023-03-19,12194.0,5854.0,6045.0,11899.0
2023-03-20,1353.0,2404.0,2481.0,4885.0
2023-03-21,1544.0,3403.0,3612.0,7015.0
2023-03-22,1525.0,3181.0,3439.0,6620.0
2023-03-23,3426.0,2835.0,2987.0,5822.0
2023-03-24,1677.0,3501.0,3664.0,7165.0
2023-03-25,13180.0,9447.0,10117.0,19564.0
2023-03-26,19974.0,8611.0,8599.0,17210.0
2023-03-27,2008.0,2956.0,3074.0,6030.0
2023-03-28,1983.0,3619.0,3784.0,7403.0
2023-03-29,2199.0,3849.0,4062.0,7911.0
2023-03-30,2758.0,4558.0,4759.0,9317.0
2023-03-31,4248.0,6091.0,6221.0,12312.0
2023-04-01,24827.0,20786.0,21421.0,42207.0
2023-04-02,26129.0,19700.0,19649.0,39349.0
2023-04-03,7318.0,8187.0,8380.0,16567.0
2023-04-04,3674.0,6380.0,6518.0,12898.0
2023-04-05,248.0,1748.0,1863.0,3611.0
2023-04-06,859.0,2840.0,3010.0,5850.0
2023-04-07,3409.0,6472.0,6540.0,13012.0
2023-04-08,13460.0,11435.0,12161.0,23596.0
2023-04-09,15723.0,8484.0,8676.0,17160.0
2023-04-10,3076.0,3920.0,3992.0,7912.0
2023-04-11,542.0,2186.0,2239.0,4425.0
2023-04-12,1802.0,3848.0,3930.0,7778.0
2023-04-13,4630.0,5973.0,6285.0,12258.0
2023-04-14,3123.0,4936.0,5098.0,10034.0
2023-04-15,3738.0,5096.0,5526.0,10622.0
2023-04-16,8295.0,6017.0,6136.0,12153.0
2023-04-17,7058.0,3327.0,3426.0,6753.0
2023-04-18,810.0,2272.0,2412.0,4684.0
2023-04-19,4066.0,4470.0,4731.0,9201.0
2023-04-20,2688.0,3661.0,3805.0,7466.0
2023-04-21,5455.0,6985.0,7193.0,14178.0
2023-04-22,14297.0,10039.0,10446.0,20485.0
2023-04-23,14121.0,7697.0,7681.0,15378.0
2023-04-24,3371.0,3478.0,3526.0,7004.0
2023-04-25,1048.0,3024.0,3051.0,6075.0
2023-04-26,3444.0,4222.0,4486.0,8708.0
2023-04-27,7353.0,5920.0,5993.0,11913.0
2023-04-28,5908.0,7683.0,7790.0,15473.0
2023-04-29,13909.0,5367.0,5653.0,11020.0
2023-04-30,17773.0,12661.0,12582.0,25243.0
2023-05-01,18777.0,11906.0,11824.0,23730.0
2023-05-02,3720.0,4941.0,5069.0,10010.0
2023-05-03,4919.0,7045.0,6954.0,13999.0
2023-05-04,6185.0,12116.0,11948.0,24064.0
2023-05-05,1286.0,2341.0,2369.0,4710.0
2023-05-06,941.0,2378.0,2376.0,4754.0
2023-05-07,8043.0,5973.0,5925.0,11898.0
2023-05-08,3305.0,3476.0,3460.0,6936.0
2023-05-09,3769.0,4219.0,4613.0,8832.0
2023-05-10,4410.0,4719.0,4883.0,9602.0
2023-05-11,6468.0,5335.0,5381.0,10716.0
2023-05-12,6220.0,13817.0,13580.0,27397.0
2023-05-13,16168.0,10918.0,11253.0,22171.0
2023-05-14,15901.0,9030.0,8991.0,18021.0
2023-05-15,3859.0,4668.0,4741.0,9409.0
2023-05-16,4721.0,5625.0,5919.0,11544.0
2023-05-17,4850.0,6406.0,6518.0,12924.0
2023-05-18,5966.0,5863.0,5989.0,11852.0
2023-05-19,7478.0,11795.0,11670.0,23465.0
2023-05-20,16102.0,11844.0,12571.0,24415.0
2023-05-21,15214.0,8305.0,8250.0,16555.0
2023-05-22,4135.0,4457.0,4552.0,9009.0
2023-05-23,5286.0,5185.0,5449.0,10634.0
2023-05-24,6226.0,6143.0,6272.0,12415.0
2023-05-25,7652.0,7156.0,7268.0,14424.0
2023-05-26,6831.0,6245.0,6424.0,12669.0
2023-05-27,4392.0,5711.0,5890.0,11601.0
2023-05-28,23283.0,2546.0,2486.0,5032.0
2023-05-29,15771.0,7004.0,7102.0,14106.0
2023-05-30,4358.0,4363.0,4507.0,8870.0
2023-05-31,7039.0,5738.0,5969.0,11707.0
2023-06-01,5057.0,5715.0,5865.0,11580.0
2023-06-02,4943.0,9851.0,10431.0,20282.0
2023-06-03,16661.0,25216.0,28461.0,53677.0
2023-06-04,18113.0,16870.0,18074.0,34944.0
2023-06-05,9332.0,7339.0,7669.0,15008.0
2023-06-06,19754.0,13069.0,13591.0,26660.0
2023-06-07,2314.0,4305.0,4490.0,8795.0
2023-06-08,2180.0,3934.0,4186.0,8120.0
2023-06-09,2712.0,5500.0,5488.0,10988.0
2023-06-10,6621.0,7971.0,8335.0,16306.0
2023-06-11,7252.0,6004.0,6124.0,12128.0
2023-06-12,2158.0,3706.0,3699.0,7405.0
2023-06-13,2238.0,4071.0,4261.0,8332.0
2023-06-14,1942.0,3677.0,3867.0,7544.0
2023-06-15,2030.0,3977.0,4129.0,8106.0
2023-06-16,2162.0,3815.0,4031.0,7846.0
2023-06-17,7570.0,8729.0,9456.0,18185.0
2023-06-18,5725.0,6446.0,6668.0,13114.0
2023-06-19,967.0,2400.0,2556.0,4956.0
2023-06-20,1390.0,3206.0,3379.0,6585.0
2023-06-21,495.0,2104.0,2260.0,4364.0
2023-06-22,2088.0,3894.0,4125.0,8019.0
2023-06-23,1713.0,3525.0,3732.0,7257.0
2023-06-24,5590.0,8750.0,9134.0,17884.0
2023-06-25,3946.0,6492.0,6593.0,13085.0
2023-06-26,375.0,1342.0,1468.0,2810.0
2023-06-27,15950.0,3362.0,3431.0,6793.0
2023-06-28,1011.0,3446.0,3582.0,7028.0
2023-06-29,131.0,2081.0,2131.0,4212.0
2023-06-30,1794.0,3010.0,3187.0,6197.0
2023-07-01,2821.0,5965.0,6369.0,12334.0
2023-07-02,2872.0,4465.0,4598.0,9063.0
2023-07-03,545.0,2190.0,2322.0,4512.0
2023-07-04,419.0,5718.0,5684.0,11402.0
2023-07-05,855.0,3599.0,3754.0,7353.0
2023-07-06,795.0,3908.0,3987.0,7895.0
2023-07-07,834.0,4239.0,4380.0,8619.0
2023-07-08,4459.0,11793.0,13710.0,25503.0
2023-07-09,1053.0,6151.0,6964.0,13115.0
2023-07-10,559.0,1886.0,1967.0,3853.0
2023-07-11,430.0,1894.0,2130.0,4024.0
2023-07-12,923.0,3382.0,3497.0,6879.0
2023-07-13,132.0,2123.0,2211.0,4334.0
2023-07-14,166.0,1905.0,2014.0,3919.0
2023-07-15,1324.0,2856.0,3083.0,5939.0
2023-07-16,1889.0,3047.0,3106.0,6153.0
2023-07-17,851.0,2063.0,2104.0,4167.0
2023-07-18,392.0,2157.0,2231.0,4388.0
2023-07-19,1244.0,3300.0,3405.0,6705.0
2023-07-20,1042.0,3069.0,3278.0,6347.0
2023-07-21,2577.0,3010.0,3170.0,6180.0
2023-07-22,2173.0,4095.0,4541.0,8636.0
2023-07-23,392.0,1612.0,1647.0,3259.0
2023-07-24,1150.0,2160.0,2311.0,4471.0
2023-07-25,12014.0,2740.0,2886.0,5626.0
2023-07-26,1002.0,2826.0,2950.0,5776.0
2023-07-27,1014.0,3113.0,3260.0,6373.0
2023-07-28,900.0,3044.0,3301.0,6345.0
2023-07-29,1549.0,5144.0,5290.0,10434.0
2023-07-30,1459.0,4086.0,4038.0,8124.0
2023-07-31,1290.0,2640.0,2708.0,5348.0
2023-08-01,1032.0,3448.0,3612.0,7060.0
2023-08-02,896.0,3260.0,3485.0,6745.0
2023-08-03,757.0,3121.0,3273.0,6394.0
2023-08-04,715.0,2773.0,2952.0,5725.0
2023-08-05,1009.0,3483.0,3698.0,7181.0
2023-08-06,841.0,2755.0,2729.0,5484.0
2023-08-07,432.0,1750.0,1854.0,3604.0
2023-08-08,437.0,2470.0,2585.0,5055.0
2023-08-09,614.0,2541.0,2601.0,5142.0
2023-08-10,54.0,1078.0,1153.0,2231.0
2023-08-11,400.0,1834.0,1979.0,3813.0
2023-08-12,4591.0,4110.0,4495.0,8605.0
2023-08-13,5847.0,4689.0,4810.0,9499.0
2023-08-14,1573.0,2876.0,3024.0,5900.0
2023-08-15,3626.0,4740.0,4791.0,9531.0
2023-08-16,1430.0,2619.0,2773.0,5392.0
2023-08-17,747.0,2894.0,3044.0,5938.0
2023-08-18,523.0,2516.0,2811.0,5327.0
2023-08-19,1969.0,11943.0,12940.0,24883.0
2023-08-20,2441.0,4413.0,4435.0,8848.0
2023-08-21,615.0,2021.0,2153.0,4174.0
2023-08-22,398.0,2060.0,2207.0,4267.0
2023-08-23,273.0,1591.0,1690.0,3281.0
2023-08-24,588.0,2122.0,2228.0,4350.0
2023-08-25,832.0,2740.0,2902.0,5642.0
2023-08-26,5372.0,5424.0,5728.0,11152.0
2023-08-27,9460.0,4599.0,4664.0,9263.0
2023-08-28,302.0,1409.0,1465.0,2874.0
2023-08-29,203.0,1650.0,1743.0,3393.0
2023-08-30,557.0,2241.0,2434.0,4675.0
2023-08-31,1374.0,3264.0,3430.0,6694.0
2023-09-01,1401.0,3209.0,3380.0,6589.0
2023-09-02,10082.0,13481.0,14342.0,27823.0
2023-09-03,6528.0,11321.0,11757.0,23078.0
2023-09-04,1689.0,2404.0,2575.0,4979.0
2023-09-05,974.0,2782.0,2954.0,5736.0
2023-09-06,1017.0,3358.0,3459.0,6817.0
2023-09-07,1141.0,2939.0,3141.0,6080.0
2023-09-08,1705.0,3539.0,3644.0,7183.0
2023-09-09,8358.0,9947.0,11084.0,21031.0
2023-09-10,9018.0,7216.0,7627.0,14843.0
2023-09-11,1391.0,2354.0,2510.0,4864.0
2023-09-12,1124.0,3452.0,3538.0,6990.0
2023-09-13,716.0,2199.0,2279.0,4478.0
2023-09-14,2969.0,3733.0,3747.0,7480.0
2023-09-15,535.0,3518.0,3611.0,7129.0
2023-09-16,4664.0,4922.0,5230.0,10152.0
2023-09-17,7474.0,4541.0,4518.0,9059.0
2023-09-18,1782.0,2937.0,2988.0,5925.0
2023-09-19,2269.0,3313.0,3497.0,6810.0
2023-09-20,459.0,2388.0,2494.0,4882.0
2023-09-21,3053.0,3515.0,3580.0,7095.0
2023-09-22,3056.0,5621.0,5754.0,11375.0
2023-09-23,13095.0,8723.0,9267.0,17990.0
2023-09-24,15138.0,7177.0,7232.0,14409.0
2023-09-25,1631.0,2703.0,2735.0,5438.0
2023-09-26,374.0,2886.0,2608.0,5494.0
2023-09-27,788.0,2981.0,3123.0,6104.0
2023-09-28,11864.0,5312.0,5439.0,10751.0
2023-09-29,20239.0,6853.0,6737.0,13590.0
2023-09-30,13801.0,7561.0,7593.0,15154.0
2023-10-01,22044.0,10962.0,11135.0,22097.0
2023-10-02,23408.0,13519.0,14248.0,27767.0
2023-10-03,15126.0,7679.0,7965.0,15644.0
2023-10-04,3061.0,2692.0,2789.0,5481.0
2023-10-05,2908.0,4622.0,4702.0,9324.0
2023-10-06,4154.0,8149.0,8154.0,16303.0
2023-10-07,14177.0,8844.0,9366.0,18210.0
2023-10-08,16657.0,7690.0,7928.0,15618.0
2023-10-09,15218.0,7168.0,7400.0,14568.0
2023-10-10,2761.0,3470.0,3573.0,7043.0
2023-10-11,3679.0,4704.0,4790.0,9494.0
2023-10-12,3844.0,6227.0,6409.0,12636.0
2023-10-13,4995.0,8784.0,8798.0,17582.0
2023-10-14,3007.0,4426.0,4765.0,9191.0
2023-10-15,16859.0,7721.0,7937.0,15658.0
2023-10-16,3380.0,4677.0,4760.0,9437.0
2023-10-17,5117.0,6058.0,6152.0,12210.0
2023-10-18,5465.0,6653.0,6728.0,13381.0
2023-10-19,1118.0,4449.0,4448.0,8897.0
2023-10-20,6287.0,10698.0,10930.0,21628.0
2023-10-21,12618.0,11146.0,11680.0,22826.0
2023-10-22,15168.0,9350.0,9388.0,18738.0
2023-10-23,3183.0,4255.0,4447.0,8702.0
2023-10-24,3832.0,5589.0,5710.0,11299.0
2023-10-25,4366.0,6619.0,6567.0,13186.0
2023-10-26,4150.0,7503.0,7333.0,14836.0
2023-10-27,6039.0,8869.0,9208.0,18077.0
2023-10-28,20841.0,14187.0,14708.0,28895.0
2023-10-29,32527.0,11931.0,12089.0,24020.0
2023-10-30,4739.0,4949.0,5254.0,10203.0
2023-10-31,3830.0,5633.0,5769.0,11402.0
2023-11-01,3047.0,4989.0,4984.0,9973.0
2023-11-02,4554.0,5715.0,6024.0,11739.0
2023-11-03,2612.0,6289.0,6622.0,12911.0
2023-11-04,16512.0,11506.0,11934.0,23440.0
2023-11-05,2015.0,3006.0,3072.0,6078.0
2023-11-06,670.0,1775.0,1848.0,3623.0
2023-11-07,1894.0,3646.0,3804.0,7450.0
2023-11-08,2199.0,4265.0,4336.0,8601.0
2023-11-09,1932.0,4133.0,4233.0,8366.0
2023-11-10,2067.0,5139.0,5387.0,10526.0
2023-11-11,4012.0,6732.0,7340.0,14072.0
2023-11-12,3466.0,5049.0,5132.0,10181.0
2023-11-13,734.0,2829.0,2806.0,5635.0
2023-11-14,2941.0,3015.0,3123.0,6138.0
2023-11-15,1223.0,3177.0,3418.0,6595.0
2023-11-16,270.0,2069.0,2226.0,4295.0
2023-11-17,1028.0,2758.0,2876.0,5634.0
2023-11-18,2146.0,4497.0,4778.0,9275.0
2023-11-19,4039.0,4296.0,4428.0,8724.0
2023-11-20,946.0,2247.0,2350.0,4597.0
2023-11-21,1128.0,3198.0,3352.0,6550.0
2023-11-22,1257.0,3209.0,3413.0,6622.0
2023-11-23,903.0,3011.0,3151.0,6162.0
2023-11-24,447.0,2263.0,2377.0,4640.0
2023-11-25,1326.0,5070.0,5394.0,10464.0
2023-11-26,23604.0,4562.0,4566.0,9128.0
2023-11-27,276.0,1493.0,1568.0,3061.0
2023-11-28,607.0,2920.0,3017.0,5937.0
2023-11-29,316.0,2826.0,2957.0,5783.0
2023-11-30,208.0,2162.0,2265.0,4427.0
2023-12-01,277.0,2226.0,2271.0,4497.0
2023-12-02,1150.0,3423.0,3693.0,7116.0
2023-12-03,1590.0,3096.0,3118.0,6214.0
2023-12-04,554.0,1844.0,1959.0,3803.0
2023-12-05,542.0,2684.0,2794.0,5478.0
2023-12-06,318.0,2308.0,2447.0,4755.0
2023-12-07,553.0,2840.0,2921.0,5761.0
2023-12-08,888.0,3067.0,3163.0,6230.0
2023-12-09,5337.0,4511.0,4807.0,9318.0
2023-12-10,5776.0,4022.0,4355.0,8377.0
2023-12-11,119.0,1142.0,1275.0,2417.0
2023-12-12,451.0,3184.0,3295.0,6479.0
2023-12-13,569.0,4699.0,4820.0,9519.0
2023-12-14,171.0,2556.0,2651.0,5207.0
2023-12-15,77.0,2242.0,2379.0,4621.0
2023-12-16,553.0,3049.0,3227.0,6276.0
2023-12-17,5644.0,1735.0,1880.0,3615.0
2023-12-18,624.0,1337.0,1391.0,2728.0
2023-12-19,282.0,2892.0,3046.0,5938.0
2023-12-20,267.0,1946.0,2064.0,4010.0
2023-12-21,102.0,2125.0,2156.0,4281.0
2023-12-22,2823.0,2119.0,2093.0,4212.0
2023-12-23,338.0,2600.0,2825.0,5425.0
2023-12-24,904.0,3656.0,3753.0,7409.0
2023-12-25,732.0,3442.0,3426.0,6868.0
2023-12-26,547.0,2225.0,2369.0,4594.0
2023-12-27,643.0,2696.0,2868.0,5564.0
2023-12-28,518.0,2642.0,2716.0,5358.0
2023-12-29,651.0,3204.0,3298.0,6502.0
2023-12-30,344.0,3939.0,3881.0,7820.0
2023-12-31,950.0,3214.0,3135.0,6349.0
2024-01-01,2734.0,2569.0,2491.0,5060.0
2024-01-02,632.0,2517.0,2601.0,5118.0
2024-01-03,347.0,2304.0,2451.0,4755.0
2024-01-04,494.0,3303.0,3318.0,6621.0
2024-01-05,640.0,2593.0,2639.0,5232.0
2024-01-06,1944.0,4222.0,4448.0,8670.0
2024-01-07,724.0,2780.0,2870.0,5650.0
2024-01-08,246.0,1422.0,1492.0,2914.0
2024-01-09,205.0,1825.0,1965.0,3790.0
2024-01-10,354.0,2319.0,2432.0,4751.0
2024-01-11,379.0,2419.0,2575.0,4994.0
2024-01-12,1087.0,2779.0,2871.0,5650.0
2024-01-13,2411.0,4475.0,4744.0,9219.0
2024-01-14,631.0,2327.0,2304.0,4631.0
2024-01-15,368.0,1603.0,1709.0,3312.0
2024-01-16,437.0,3131.0,3215.0,6346.0
2024-01-17,302.0,2148.0,2225.0,4373.0
2024-01-18,625.0,2763.0,2875.0,5638.0
2024-01-19,832.0,3001.0,3040.0,6041.0
2024-01-20,1506.0,3888.0,4254.0,8142.0
2024-01-21,1716.0,3215.0,3317.0,6532.0
2024-01-22,187.0,1241.0,1321.0,2562.0
2024-01-23,2001.0,1457.0,1538.0,2995.0
2024-01-24,191.0,1688.0,1738.0,3426.0
2024-01-25,247.0,2009.0,2095.0,4104.0
2024-01-26,440.0,2639.0,2718.0,5357.0
2024-01-27,2106.0,5474.0,5615.0,11089.0
2024-01-28,2323.0,4304.0,4280.0,8584.0
2024-01-29,572.0,1834.0,1845.0,3679.0
2024-01-30,620.0,2628.0,2839.0,5467.0
2024-01-31,739.0,2816.0,2946.0,5762.0
2024-02-01,635.0,2624.0,2742.0,5366.0
2024-02-02,596.0,2838.0,2914.0,5752.0
2024-02-03,3224.0,4276.0,4601.0,8877.0
2024-02-04,5535.0,4019.0,4061.0,8080.0
2024-02-05,154.0,1166.0,1210.0,2376.0
2024-02-06,398.0,2266.0,2386.0,4652.0
2024-02-07,410.0,2181.0,2235.0,4416.0
2024-02-08,609.0,2322.0,2413.0,4735.0
2024-02-09,2894.0,2876.0,2850.0,5726.0
2024-02-10,4199.0,2925.0,2737.0,5662.0
2024-02-11,4817.0,4098.0,4002.0,8100.0
2024-02-12,6599.0,5205.0,5244.0,10449.0
2024-02-13,1671.0,2783.0,2830.0,5613.0
2024-02-14,1433.0,3322.0,3363.0,6685.0
2024-02-15,160.0,1700.0,1754.0,3454.0
2024-02-16,1010.0,3258.0,3364.0,6622.0
2024-02-17,7529.0,6331.0,6562.0,12893.0
2024-02-18,5695.0,4049.0,4233.0,8282.0
2024-02-19,253.0,1182.0,1218.0,2400.0
2024-02-20,1393.0,2637.0,2710.0,5347.0
2024-02-21,166.0,1576.0,1625.0,3201.0
2024-02-22,654.0,2315.0,2520.0,4835.0
2024-02-23,826.0,2667.0,2771.0,5438.0
2024-02-24,3715.0,6318.0,6495.0,12813.0
2024-02-25,2761.0,4829.0,4761.0,9590.0
2024-02-26,1950.0,2611.0,2743.0,5354.0
2024-02-27,3325.0,3455.0,3639.0,7094.0
2024-02-28,2627.0,3843.0,3965.0,7808.0
2024-02-29,2873.0,3245.0,3386.0,6631.0
2024-03-01,2894.0,4417.0,4609.0,9026.0
2024-03-02,2409.0,3569.0,3740.0,7309.0
2024-03-03,3617.0,3311.0,3448.0,6759.0
2024-03-04,880.0,1916.0,2025.0,3941.0
2024-03-05,444.0,1953.0,2028.0,3981.0
2024-03-06,759.0,2283.0,2418.0,4701.0
2024-03-07,526.0,2221.0,2338.0,4559.0
2024-03-08,718.0,2327.0,2397.0,4724.0
2024-03-09,4528.0,4733.0,5041.0,9774.0
2024-03-10,7941.0,4136.0,4417.0,8553.0
2024-03-11,711.0,1993.0,2093.0,4086.0
2024-03-12,459.0,1869.0,2005.0,3874.0
2024-03-13,904.0,2536.0,2668.0,5204.0
2024-03-14,2566.0,2742.0,2863.0,5605.0
2024-03-15,1542.0,3154.0,3175.0,6329.0
2024-03-16,18228.0,7679.0,8007.0,15686.0
2024-03-17,10180.0,4735.0,4811.0,9546.0
2024-03-18,1415.0,2344.0,2391.0,4735.0
2024-03-19,461.0,2047.0,2150.0,4197.0
2024-03-20,778.0,2390.0,2539.0,4929.0
2024-03-21,970.0,2782.0,2806.0,5588.0
2024-03-22,1271.0,2502.0,2577.0,5079.0
2024-03-23,14845.0,8897.0,9294.0,18191.0
2024-03-24,23347.0,9631.0,9552.0,19183.0
2024-03-25,631.0,1790.0,1781.0,3571.0
2024-03-26,699.0,2175.0,2296.0,4471.0
2024-03-27,1960.0,3416.0,3554.0,6970.0
2024-03-28,543.0,2162.0,2280.0,4442.0
2024-03-29,684.0,2285.0,2402.0,4687.0
2024-03-30,12075.0,8051.0,8382.0,16433.0
2024-03-31,22066.0,7742.0,7768.0,15510.0
2024-04-01,3244.0,3621.0,3674.0,7295.0
2024-04-02,3805.0,4924.0,5110.0,10034.0
2024-04-03,1475.0,3085.0,3175.0,6260.0
2024-04-04,5091.0,6193.0,6401.0,12594.0
2024-04-05,6896.0,9964.0,10196.0,20160.0
2024-04-06,30399.0,30204.0,30443.0,60647.0
2024-04-07,30201.0,25726.0,25576.0,51302.0
2024-04-08,6370.0,7111.0,7268.0,14379.0
2024-04-09,6700.0,9717.0,9955.0,19672.0
2024-04-10,28164.0,18551.0,18991.0,37542.0
2024-04-11,3881.0,4833.0,4920.0,9753.0
2024-04-12,4998.0,6752.0,6825.0,13577.0
2024-04-13,21322.0,13062.0,13681.0,26743.0
2024-04-14,18810.0,8799.0,9098.0,17897.0
2024-04-15,253.0,1508.0,1578.0,3086.0
2024-04-16,2239.0,3362.0,3578.0,6940.0
2024-04-17,4901.0,5569.0,5788.0,11357.0
2024-04-18,6732.0,4601.0,4653.0,9254.0
2024-04-19,5263.0,5444.0,5745.0,11189.0
2024-04-20,2958.0,8879.0,9524.0,18403.0
2024-04-21,14750.0,7515.0,7660.0,15175.0
2024-04-22,3131.0,3324.0,3434.0,6758.0
2024-04-23,3203.0,4694.0,4733.0,9427.0
2024-04-24,1387.0,2750.0,2802.0,5552.0
2024-04-25,5518.0,4866.0,4913.0,9779.0
2024-04-26,5693.0,6003.0,6224.0,12227.0
2024-04-27,17914.0,12304.0,12776.0,25080.0
2024-04-28,27013.0,8677.0,8726.0,17403.0
2024-04-29,2858.0,3211.0,3313.0,6524.0
2024-04-30,4609.0,6772.0,6707.0,13479.0
2024-05-01,18442.0,14599.0,14671.0,29270.0
2024-05-02,4795.0,6614.0,6544.0,13158.0
2024-05-03,6901.0,9872.0,9683.0,19555.0
2024-05-04,18179.0,11527.0,11878.0,23405.0
2024-05-05,1296.0,2299.0,2306.0,4605.0
2024-05-06,1897.0,2654.0,2662.0,5316.0
2024-05-07,2002.0,1951.0,2037.0,3988.0
2024-05-08,3434.0,5770.0,5817.0,11587.0
2024-05-09,4829.0,6933.0,6961.0,13894.0
2024-05-10,6412.0,13043.0,13076.0,26119.0
2024-05-11,5424.0,6097.0,6441.0,12538.0
2024-05-12,18354.0,8757.0,8819.0,17576.0
2024-05-13,4413.0,4726.0,4682.0,9408.0
2024-05-14,7757.0,11571.0,11409.0,22980.0
2024-05-15,8323.0,6018.0,6170.0,12188.0
2024-05-16,5006.0,6047.0,6029.0,12076.0
2024-05-17,9051.0,10982.0,10509.0,21491.0
2024-05-18,22019.0,15187.0,15281.0,30468.0
2024-05-19,18893.0,9705.0,9714.0,19419.0
2024-05-20,5312.0,4526.0,4574.0,9100.0
2024-05-21,7270.0,5638.0,5803.0,11441.0
2024-05-22,6783.0,5440.0,5635.0,11075.0
2024-05-23,7404.0,6812.0,6775.0,13587.0
2024-05-24,8799.0,7928.0,7993.0,15921.0
2024-05-25,26308.0,12980.0,13229.0,26209.0
2024-05-26,11910.0,6250.0,6304.0,12554.0
2024-05-27,6577.0,4728.0,4750.0,9478.0
2024-05-28,23910.0,6139.0,6221.0,12360.0
2024-05-29,17178.0,6010.0,6072.0,12082.0
2024-05-30,7509.0,6367.0,6380.0,12747.0
2024-05-31,7307.0,7004.0,6942.0,13946.0
2024-06-01,21779.0,11555.0,12012.0,23567.0
2024-06-02,21567.0,8682.0,8777.0,17459.0
2024-06-03,3703.0,3425.0,3423.0,6848.0
2024-06-04,3639.0,4659.0,4725.0,9384.0
2024-06-05,3388.0,5582.0,5606.0,11188.0
2024-06-06,17957.0,10602.0,10883.0,21485.0
2024-06-07,7883.0,7156.0,7579.0,14735.0
2024-06-08,5500.0,4534.0,4664.0,9198.0
2024-06-09,10902.0,6462.0,6592.0,13054.0
2024-06-10,1822.0,2794.0,2853.0,5647.0
2024-06-11,1460.0,3143.0,3258.0,6401.0
2024-06-12,1551.0,3266.0,3394.0,6660.0
2024-06-13,2467.0,3056.0,3177.0,6233.0
2024-06-14,1467.0,3404.0,3561.0,6965.0
2024-06-15,4691.0,12665.0,13803.0,26468.0
2024-06-16,7131.0,16877.0,17536.0,34413.0
2024-06-17,1349.0,2576.0,2608.0,5184.0
2024-06-18,1176.0,3101.0,3187.0,6288.0
2024-06-19,1170.0,2948.0,3148.0,6096.0
2024-06-20,788.0,2665.0,2801.0,5466.0
2024-06-21,994.0,3082.0,3161.0,6243.0
2024-06-22,949.0,4073.0,4326.0,8399.0
2024-06-23,5708.0,4528.0,4611.0,9139.0
2024-06-24,1231.0,2303.0,2327.0,4630.0
2024-06-25,1400.0,3204.0,3375.0,6579.0
2024-06-26,18678.0,3046.0,3171.0,6217.0
2024-06-27,1273.0,3614.0,3683.0,7297.0
2024-06-28,1121.0,3131.0,3377.0,6508.0
2024-06-29,4595.0,6060.0,6238.0,12298.0
2024-06-30,2892.0,3400.0,3310.0,6710.0
2024-07-01,920.0,2307.0,2358.0,4665.0
2024-07-02,137.0,2353.0,2423.0,4776.0
2024-07-03,850.0,4509.0,4472.0,8981.0
2024-07-04,1374.0,3917.0,3944.0,7861.0
2024-07-05,1084.0,3485.0,3613.0,7098.0
2024-07-06,2862.0,3846.0,4035.0,7881.0
2024-07-07,4853.0,4148.0,4203.0,8351.0
2024-07-08,193.0,1255.0,1349.0,2604.0
2024-07-09,469.0,2695.0,2789.0,5484.0
2024-07-10,813.0,3041.0,3005.0,6046.0
2024-07-11,1024.0,3385.0,3552.0,6937.0
2024-07-12,1044.0,3071.0,3256.0,6327.0
2024-07-13,3651.0,9515.0,10495.0,20010.0
2024-07-14,3112.0,6004.0,6467.0,12471.0
2024-07-15,659.0,2110.0,2114.0,4224.0
2024-07-16,628.0,2971.0,3008.0,5979.0
2024-07-17,813.0,2095.0,2219.0,4314.0
2024-07-18,57.0,1608.0,1806.0,3414.0
2024-07-19,876.0,3231.0,3184.0,6415.0
2024-07-20,1716.0,16129.0,18351.0,34480.0
2024-07-21,2642.0,14741.0,17805.0,32546.0
2024-07-22,555.0,1873.0,1886.0,3759.0
2024-07-23,331.0,2168.0,2218.0,4386.0
2024-07-24,687.0,2410.0,2467.0,4877.0
2024-07-25,677.0,3055.0,3105.0,6160.0
2024-07-26,558.0,2691.0,2790.0,5481.0
2024-07-27,1396.0,4161.0,4246.0,8407.0
2024-07-28,15915.0,4436.0,4491.0,8927.0
2024-07-29,1866.0,2568.0,2662.0,5230.0
2024-07-30,1671.0,4014.0,4193.0,8207.0
2024-07-31,1461.0,3851.0,3956.0,7807.0
2024-08-01,1661.0,3867.0,3982.0,7849.0
2024-08-02,1379.0,3603.0,3678.0,7281.0
2024-08-03,1628.0,4155.0,4284.0,8439.0
2024-08-04,991.0,3348.0,3322.0,6670.0
2024-08-05,503.0,1797.0,1883.0,3680.0
2024-08-06,544.0,2736.0,2742.0,5478.0
2024-08-07,519.0,2656.0,2674.0,5330.0
2024-08-08,642.0,2510.0,2557.0,5067.0
2024-08-09,461.0,2595.0,2653.0,5248.0
2024-08-10,1193.0,3633.0,3795.0,7428.0
2024-08-11,1248.0,3013.0,2982.0,5995.0
2024-08-12,470.0,1847.0,1959.0,3806.0
2024-08-13,1011.0,2584.0,2669.0,5253.0
2024-08-14,397.0,2485.0,2548.0,5033.0
2024-08-15,1472.0,3853.0,3906.0,7759.0
2024-08-16,627.0,3046.0,3036.0,6082.0
2024-08-17,1373.0,3688.0,3789.0,7477.0
2024-08-18,1224.0,2865.0,2888.0,5753.0
2024-08-19,334.0,1705.0,1770.0,3475.0
2024-08-20,327.0,2071.0,2174.0,4245.0
2024-08-21,204.0,1724.0,1771.0,3495.0
2024-08-22,908.0,1960.0,2053.0,4013.0
2024-08-23,911.0,2481.0,2613.0,5094.0
2024-08-24,2059.0,13127.0,14123.0,27250.0
2024-08-25,2551.0,8803.0,8774.0,17577.0
2024-08-26,592.0,1921.0,1908.0,3829.0
2024-08-27,666.0,2262.0,2365.0,4627.0
2024-08-28,743.0,2518.0,2619.0,5137.0
2024-08-29,724.0,2484.0,2599.0,5083.0
2024-08-30,4622.0,2817.0,2841.0,5658.0
2024-08-31,4186.0,13105.0,16657.0,29762.0
2024-09-01,5066.0,3823.0,3881.0,7704.0
2024-09-02,769.0,1891.0,1959.0,3850.0
2024-09-03,885.0,2533.0,2657.0,5190.0
2024-09-04,1001.0,2834.0,2931.0,5765.0
2024-09-05,652.0,3515.0,3656.0,7171.0
2024-09-06,1409.0,3540.0,3582.0,7122.0
2024-09-07,8236.0,5810.0,6296.0,12106.0
2024-09-08,7546.0,4292.0,4323.0,8615.0
2024-09-09,914.0,1930.0,1994.0,3924.0
2024-09-10,1074.0,3331.0,3469.0,6800.0
2024-09-11,533.0,2347.0,2438.0,4785.0
2024-09-12,275.0,2056.0,2122.0,4178.0
2024-09-13,321.0,2659.0,2724.0,5383.0
2024-09-14,4378.0,3683.0,3883.0,7566.0
2024-09-15,7522.0,4605.0,4527.0,9132.0
2024-09-16,9960.0,5836.0,5684.0,11520.0
2024-09-17,6862.0,4290.0,4051.0,8341.0
2024-09-18,4607.0,4396.0,4309.0,8705.0
2024-09-19,1043.0,2357.0,2470.0,4827.0
2024-09-20,384.0,1879.0,1931.0,3810.0
2024-09-21,4524.0,4042.0,4064.0,8106.0
2024-09-22,19603.0,6736.0,6852.0,13588.0
2024-09-23,2125.0,2630.0,2712.0,5342.0
2024-09-24,2174.0,3534.0,3608.0,7142.0
2024-09-25,2886.0,3218.0,3308.0,6526.0
2024-09-26,2347.0,3591.0,3743.0,7334.0
2024-09-27,5406.0,6350.0,6342.0,12692.0
2024-09-28,15431.0,9755.0,10049.0,19804.0
2024-09-29,16520.0,7193.0,7180.0,14373.0
2024-09-30,5780.0,3054.0,3117.0,6171.0
2024-10-01,10895.0,5470.0,5495.0,10965.0
2024-10-02,3947.0,4985.0,5107.0,10092.0
2024-10-03,24320.0,13486.0,13689.0,27175.0
2024-10-04,9883.0,6967.0,7102.0,14069.0
2024-10-05,18063.0,9223.0,9635.0,18858.0
2024-10-06,10449.0,5476.0,5439.0,10915.0
2024-10-07,2184.0,3190.0,3286.0,6476.0
2024-10-08,3884.0,8483.0,8546.0,17029.0
2024-10-09,22807.0,11227.0,11425.0,22652.0
2024-10-10,3663.0,5172.0,5226.0,10398.0
2024-10-11,5599.0,9826.0,9708.0,19534.0
2024-10-12,15856.0,12004.0,12370.0,24374.0
2024-10-13,16705.0,6916.0,6955.0,13871.0
2024-10-14,2997.0,2804.0,2836.0,5640.0
2024-10-15,3136.0,3632.0,3810.0,7442.0
2024-10-16,3875.0,3784.0,3963.0,7747.0
2024-10-17,5495.0,6997.0,7100.0,14097.0
2024-10-18,1799.0,10240.0,10496.0,20736.0
2024-10-19,13041.0,8156.0,8671.0,16827.0
2024-10-20,16097.0,7302.0,7431.0,14733.0
2024-10-21,3126.0,2996.0,3048.0,6044.0
2024-10-22,604.0,3017.0,3288.0,6305.0
2024-10-23,2622.0,4331.0,4357.0,8688.0
2024-10-24,4410.0,6200.0,6214.0,12414.0
2024-10-25,6674.0,10373.0,10310.0,20683.0
2024-10-26,17309.0,14202.0,14488.0,28690.0
2024-10-27,15364.0,9745.0,9723.0,19468.0
2024-10-28,4158.0,3731.0,3855.0,7586.0
2024-10-29,12627.0,5089.0,5231.0,10320.0
2024-10-30,4353.0,5539.0,5552.0,11091.0
2024-10-31,4692.0,7173.0,7121.0,14294.0
2024-11-01,5106.0,7538.0,7714.0,15252.0
2024-11-02,19658.0,14555.0,15086.0,29641.0
2024-11-03,19911.0,10981.0,11060.0,22041.0
2024-11-04,3128.0,3690.0,3795.0,7485.0
2024-11-05,2597.0,5067.0,5168.0,10235.0
2024-11-06,2889.0,4066.0,4094.0,8160.0
2024-11-07,2558.0,4031.0,4185.0,8216.0
2024-11-08,3263.0,5558.0,5709.0,11267.0
2024-11-09,14947.0,12370.0,12398.0,24768.0
2024-11-10,16377.0,9235.0,9194.0,18429.0
2024-11-11,3144.0,4316.0,4270.0,8586.0
2024-11-12,3766.0,4543.0,4647.0,9190.0
2024-11-13,2838.0,4307.0,4515.0,8822.0
2024-11-14,2344.0,3866.0,4022.0,7888.0
2024-11-15,3107.0,4815.0,4868.0,9683.0
2024-11-16,13651.0,9518.0,9851.0,19369.0
2024-11-17,7049.0,6214.0,6258.0,12472.0
2024-11-18,1070.0,2305.0,2323.0,4628.0
2024-11-19,968.0,2842.0,2966.0,5808.0
2024-11-20,987.0,3064.0,3106.0,6170.0
2024-11-21,1110.0,3063.0,3096.0,6159.0
2024-11-22,1389.0,3972.0,3986.0,7958.0
2024-11-23,5554.0,7929.0,7959.0,15888.0
2024-11-24,6907.0,6612.0,6475.0,13087.0
2024-11-25,1380.0,2581.0,2600.0,5181.0
2024-11-26,21825.0,1859.0,1921.0,3780.0
2024-11-27,214.0,2256.0,2274.0,4530.0
2024-11-28,0.0,2246.0,2300.0,4546.0
2024-11-29,1136.0,2158.0,2254.0,4412.0
2024-11-30,0.0,3953.0,4206.0,8159.0
2024-12-01,0.0,3250.0,3461.0,6711.0
2024-12-02,613.0,1828.0,1878.0,3706.0
2024-12-03,518.0,2139.0,2258.0,4397.0
2024-12-04,450.0,2056.0,2188.0,4244.0
2024-12-05,596.0,2203.0,2374.0,4577.0
2024-12-06,549.0,2255.0,2425.0,4680.0
2024-12-07,1646.0,3761.0,4023.0,7784.0
2024-12-08,1487.0,2748.0,3021.0,5769.0
2024-12-09,840.0,1922.0,1986.0,3908.0
2024-12-10,737.0,4056.0,4093.0,8149.0
2024-12-11,473.0,3153.0,3216.0,6369.0
2024-12-12,406.0,2782.0,2882.0,5664.0
2024-12-13,383.0,3165.0,3222.0,6387.0
2024-12-14,1017.0,3747.0,3967.0,7714.0
2024-12-15,1227.0,2805.0,2872.0,5677.0
2024-12-16,370.0,1770.0,1830.0,3600.0
2024-12-17,386.0,3730.0,4313.0,8043.0
2024-12-18,452.0,2287.0,2363.0,4650.0
2024-12-19,340.0,2780.0,2814.0,5594.0
2024-12-20,293.0,2365.0,2402.0,4767.0
2024-12-21,583.0,4050.0,3639.0,7689.0
2024-12-22,599.0,2578.0,2607.0,5185.0
2024-12-23,360.0,1765.0,1891.0,3656.0
2024-12-24,505.0,2800.0,2809.0,5609.0
2024-12-25,1595.0,4422.0,4423.0,8845.0
2024-12-26,424.0,2713.0,2773.0,5486.0
2024-12-27,709.0,2285.0,2319.0,4604.0
2024-12-28,715.0,4103.0,4217.0,8320.0
2024-12-29,1156.0,3590.0,3529.0,7119.0
2024-12-30,19266.0,2286.0,2321.0,4607.0
2024-12-31,730.0,2681.0,2714.0,5395.0
2025-01-01,2396.0,2361.0,2353.0,4714.0
2025-01-02,648.0,2273.0,2357.0,4630.0
2025-01-03,504.0,2130.0,2189.0,4319.0
2025-01-04,1517.0,3331.0,3465.0,6796.0
2025-01-05,357.0,2065.0,2145.0,4210.0
2025-01-06,267.0,1499.0,1549.0,3048.0
2025-01-07,335.0,2104.0,2227.0,4331.0
2025-01-08,279.0,1864.0,1973.0,3837.0
2025-01-09,112.0,1574.0,1658.0,3232.0
2025-01-10,194.0,1600.0,1688.0,3288.0
2025-01-11,708.0,2889.0,3118.0,6007.0
2025-01-12,934.0,2628.0,2700.0,5328.0
2025-01-13,313.0,1557.0,1604.0,3161.0
2025-01-14,437.0,2361.0,2451.0,4812.0
2025-01-15,351.0,2279.0,2259.0,4538.0
2025-01-16,344.0,2157.0,2254.0,4411.0
2025-01-17,469.0,2302.0,2346.0,4648.0
2025-01-18,2178.0,3811.0,3994.0,7805.0
2025-01-19,2327.0,3246.0,3299.0,6545.0
2025-01-20,469.0,1712.0,1759.0,3471.0
2025-01-21,383.0,2247.0,2333.0,4580.0
2025-01-22,532.0,2241.0,2289.0,4530.0
2025-01-23,472.0,2392.0,2547.0,4939.0
2025-01-24,585.0,2539.0,2633.0,5172.0
2025-01-25,3420.0,5549.0,5788.0,11337.0
2025-01-26,4038.0,4454.0,4420.0,8874.0
2025-01-27,746.0,2074.0,2106.0,4180.0
2025-01-28,530.0,2360.0,2332.0,4692.0
2025-01-29,856.0,1870.0,1801.0,3671.0
2025-01-30,1128.0,2933.0,2948.0,5881.0
2025-01-31,1070.0,1878.0,1964.0,3842.0
2025-02-01,2107.0,4241.0,4454.0,8695.0
2025-02-02,2828.0,3844.0,3992.0,7836.0
2025-02-03,291.0,1499.0,1575.0,3074.0
2025-02-04,197.0,1577.0,1613.0,3190.0
2025-02-05,196.0,1764.0,1797.0,3561.0
2025-02-06,200.0,1849.0,1872.0,3721.0
2025-02-07,105.0,1699.0,1732.0,3431.0
2025-02-08,565.0,2549.0,2638.0,5187.0
2025-02-09,848.0,2679.0,2724.0,5403.0
2025-02-10,328.0,1611.0,1659.0,3270.0
2025-02-11,558.0,2471.0,2553.0,5024.0
2025-02-12,214.0,1676.0,1787.0,3463.0
2025-02-13,404.0,2385.0,2465.0,4850.0
2025-02-14,896.0,2909.0,2989.0,5898.0
2025-02-15,3567.0,4560.0,4823.0,9383.0
2025-02-16,4727.0,4230.0,4365.0,8595.0
2025-02-17,503.0,1851.0,1912.0,3763.0
2025-02-18,508.0,2525.0,2588.0,5113.0
2025-02-19,407.0,2186.0,2249.0,4435.0
2025-02-20,633.0,2343.0,2484.0,4827.0
2025-02-21,487.0,2375.0,2472.0,4847.0
2025-02-22,1737.0,5665.0,5797.0,11462.0
2025-02-23,1555.0,4742.0,4625.0,9367.0
2025-02-24,617.0,1965.0,1998.0,3963.0
2025-02-25,893.0,2669.0,2828.0,5497.0
2025-02-26,1208.0,2810.0,2951.0,5761.0
2025-02-27,3079.0,3563.0,3704.0,7267.0
2025-02-28,3257.0,3562.0,3709.0,7271.0
2025-03-01,7109.0,5078.0,5128.0,10206.0
2025-03-02,3297.0,2749.0,2709.0,5458.0
2025-03-03,2970.0,2937.0,3004.0,5941.0
2025-03-04,155.0,1214.0,1302.0,2516.0
2025-03-05,412.0,1875.0,1988.0,3863.0
2025-03-06,710.0,2349.0,2464.0,4813.0
2025-03-07,718.0,2338.0,2512.0,4850.0
2025-03-08,9130.0,5420.0,5689.0,11109.0
2025-03-09,11727.0,4542.0,4782.0,9324.0
2025-03-10,1018.0,2019.0,2106.0,4125.0
2025-03-11,916.0,2561.0,2610.0,5171.0
2025-03-12,699.0,2144.0,2181.0,4325.0
2025-03-13,897.0,2253.0,2355.0,4608.0
2025-03-14,2040.0,3069.0,3185.0,6254.0
2025-03-15,18249.0,7044.0,7262.0,14306.0
2025-03-16,1700.0,2616.0,2721.0,5337.0
2025-03-17,533.0,1723.0,1792.0,3515.0
2025-03-18,231.0,1720.0,1835.0,3555.0
2025-03-19,563.0,2178.0,2289.0,4467.0
2025-03-20,1582.0,2785.0,2930.0,5715.0
2025-03-21,1706.0,2958.0,3131.0,6089.0
2025-03-22,19050.0,7832.0,8248.0,16080.0
2025-03-23,21332.0,6990.0,7117.0,14107.0
2025-03-24,1710.0,2347.0,2410.0,4757.0
2025-03-25,2533.0,2962.0,2720.0,5682.0
2025-03-26,1564.0,2765.0,2894.0,5659.0
2025-03-27,840.0,2085.0,2229.0,4314.0
2025-03-28,1632.0,2894.0,2981.0,5875.0
2025-03-29,4196.0,6007.0,6205.0,12212.0
2025-03-30,3679.0,4688.0,4644.0,9332.0
2025-03-31,1520.0,2390.0,2447.0,4837.0
2025-04-01,2300.0,3208.0,3384.0,6592.0
2025-04-02,1607.0,3052.0,3159.0,6211.0
2025-04-03,2862.0,4013.0,4029.0,8042.0
2025-04-04,4293.0,5158.0,5334.0,10492.0
2025-04-05,1201.0,2990.0,3128.0,6118.0
2025-04-06,25879.0,12503.0,12848.0,25351.0
2025-04-07,5349.0,4463.0,4527.0,8990.0
2025-04-08,5525.0,6065.0,6259.0,12324.0
2025-04-09,4321.0,5605.0,5886.0,11491.0
2025-04-10,5403.0,6629.0,6954.0,13583.0
2025-04-11,13434.0,14802.0,15254.0,30056.0
2025-04-12,9742.0,8906.0,9412.0,18318.0
2025-04-13,3230.0,4676.0,4882.0,9558.0
2025-04-14,459.0,1573.0,1589.0,3162.0
2025-04-15,3293.0,4498.0,4668.0,9166.0
2025-04-16,4878.0,5218.0,5464.0,10682.0
2025-04-17,5425.0,5268.0,5391.0,10659.0
2025-04-18,5041.0,6408.0,6531.0,12939.0
2025-04-19,3818.0,4475.0,4935.0,9410.0
2025-04-20,26496.0,10832.0,11182.0,22014.0
2025-04-21,5654.0,4445.0,4985.0,9430.0
2025-04-22,7945.0,1720.0,1860.0,3580.0
2025-04-23,5525.0,5035.0,4968.0,10003.0
2025-04-24,7025.0,4741.0,4885.0,9626.0
2025-04-25,6400.0,6722.0,6861.0,13583.0
2025-04-26,24113.0,13219.0,13637.0,26856.0
2025-04-27,21305.0,9120.0,9248.0,18368.0
2025-04-28,5106.0,4100.0,4143.0,8243.0
2025-04-29,5235.0,5622.0,5648.0,11270.0
2025-04-30,5986.0,7001.0,6940.0,13941.0
2025-05-01,2771.0,6899.0,6848.0,13747.0
2025-05-02,11903.0,10257.0,10328.0,20585.0
2025-05-03,7295.0,5457.0,5576.0,11033.0
2025-05-04,33907.0,17845.0,17971.0,35816.0
2025-05-05,38060.0,12607.0,12856.0,25463.0
2025-05-06,19169.0,8375.0,8485.0,16860.0
2025-05-07,3343.0,3949.0,4020.0,7969.0
2025-05-08,3929.0,7155.0,7235.0,14390.0
2025-05-09,2623.0,7034.0,6857.0,13891.0
2025-05-10,2241.0,3968.0,4183.0,8151.0
2025-05-11,18767.0,8317.0,8374.0,16691.0
2025-05-12,4439.0,3739.0,3822.0,7561.0
2025-05-13,6041.0,6258.0,6351.0,12609.0
2025-05-14,6523.0,7799.0,7767.0,15566.0
2025-05-15,2865.0,10119.0,10058.0,20177.0
2025-05-16,3108.0,7476.0,7360.0,14836.0
2025-05-17,19980.0,10863.0,11393.0,22256.0
2025-05-18,23568.0,9295.0,9398.0,18693.0
2025-05-19,3103.0,3339.0,3328.0,6667.0
2025-05-20,4586.0,4852.0,4923.0,9775.0
2025-05-21,5722.0,5421.0,5591.0,11012.0
2025-05-22,5779.0,5407.0,5508.0,10915.0
2025-05-23,9387.0,9153.0,9076.0,18229.0
2025-05-24,17392.0,10297.0,10917.0,21214.0
2025-05-25,27316.0,11425.0,11336.0,22761.0
2025-05-26,6959.0,4550.0,4547.0,9097.0
2025-05-27,22870.0,6267.0,6314.0,12581.0
2025-05-28,7166.0,5786.0,5935.0,11721.0
2025-05-29,7609.0,6694.0,6731.0,13425.0
2025-05-30,8483.0,6642.0,6713.0,13355.0
2025-05-31,28439.0,13521.0,13901.0,27422.0
2025-06-01,25752.0,10284.0,10420.0,20704.0
2025-06-02,6329.0,4311.0,4361.0,8672.0
2025-06-03,27827.0,12234.0,12498.0,24732.0
2025-06-04,6602.0,5435.0,5595.0,11030.0
2025-06-05,8239.0,6404.0,6585.0,12989.0
2025-06-06,29434.0,13868.0,14211.0,28079.0
2025-06-07,23675.0,10777.0,11017.0,21794.0
2025-06-08,15881.0,7228.0,7294.0,14522.0
2025-06-09,2792.0,3088.0,3182.0,6270.0
2025-06-10,2985.0,3824.0,4001.0,7825.0
2025-06-11,2411.0,3882.0,4092.0,7974.0
2025-06-12,2530.0,3374.0,3495.0,6869.0
2025-06-13,2773.0,4465.0,4628.0,9093.0
2025-06-14,7500.0,14347.0,15317.0,29664.0
2025-06-15,5116.0,15342.0,15375.0,30717.0
2025-06-16,1039.0,2220.0,2317.0,4537.0
2025-06-17,2811.0,3331.0,3558.0,6889.0
2025-06-18,1396.0,3150.0,3369.0,6519.0
2025-06-19,1296.0,3062.0,3188.0,6250.0
2025-06-20,140.0,1532.0,1619.0,3151.0
2025-06-21,4886.0,4735.0,4931.0,9666.0
2025-06-22,8512.0,5575.0,5616.0,11191.0
2025-06-23,1252.0,2467.0,2543.0,5010.0
2025-06-24,1320.0,2978.0,3076.0,6054.0
2025-06-25,565.0,2155.0,2269.0,4424.0
2025-06-26,1532.0,3098.0,3205.0,6303.0
2025-06-27,1648.0,3106.0,3311.0,6417.0
2025-06-28,2925.0,4957.0,5098.0,10055.0
2025-06-29,20724.0,4797.0,4763.0,9560.0
2025-06-30,1098.0,2161.0,2227.0,4388.0
2025-07-01,535.0,3431.0,3490.0,6921.0
2025-07-02,760.0,4341.0,4379.0,8720.0
2025-07-03,767.0,3709.0,3815.0,7524.0
2025-07-04,922.0,3782.0,3788.0,7570.0
2025-07-05,2876.0,4435.0,4634.0,9069.0
2025-07-06,2137.0,3633.0,3685.0,7318.0
2025-07-07,589.0,1828.0,1916.0,3744.0
2025-07-08,370.0,2457.0,2544.0,5001.0
2025-07-09,248.0,2454.0,2490.0,4944.0
2025-07-10,435.0,2599.0,2755.0,5354.0
2025-07-11,271.0,2365.0,2440.0,4805.0
2025-07-12,1123.0,7001.0,7614.0,14615.0
2025-07-13,1399.0,5360.0,5793.0,11153.0
2025-07-14,579.0,1819.0,1882.0,3701.0
2025-07-15,679.0,2254.0,2384.0,4638.0
2025-07-16,419.0,2113.0,2265.0,4378.0
2025-07-17,117.0,1883.0,1970.0,3853.0
2025-07-18,345.0,10434.0,13681.0,24115.0
2025-07-19,1247.0,13714.0,17232.0,30946.0
2025-07-20,3231.0,12801.0,15479.0,28280.0
2025-07-21,721.0,2032.0,2095.0,4127.0
2025-07-22,571.0,2351.0,2448.0,4799.0
2025-07-23,414.0,2221.0,2293.0,4514.0
2025-07-24,472.0,2355.0,2497.0,4852.0
2025-07-25,403.0,2321.0,2399.0,4720.0
2025-07-26,868.0,3913.0,4015.0,7928.0
2025-07-27,11106.0,3017.0,3040.0,6057.0
2025-07-28,916.0,1681.0,1764.0,3445.0
2025-07-29,494.0,2741.0,2860.0,5601.0
2025-07-30,489.0,2884.0,3030.0,5914.0
2025-07-31,1418.0,3267.0,3370.0,6637.0
